date,NO2
2024-01-02 00:00:00,3.139415e-05
2024-01-03 00:00:00,3.0827367e-05
2024-01-04 00:00:00,3.0260584e-05
2024-01-05 00:00:00,3.3236414e-05
2024-01-06 00:00:00,3.3467524e-05
2024-01-07 00:00:00,3.369864e-05
2024-01-08 00:00:00,3.3929755e-05
2024-01-09 00:00:00,3.470485e-05
2024-01-10 00:00:00,3.0121992e-05
2024-01-11 00:00:00,3.1082196e-05
2024-01-12 00:00:00,3.974627e-05
2024-01-13 00:00:00,3.1002324e-05
2024-01-14 00:00:00,3.58003e-05
2024-01-15 00:00:00,3.5569472e-05
2024-01-16 00:00:00,3.5338646e-05
2024-01-17 00:00:00,3.3362045e-05
2024-01-18 00:00:00,3.1385443e-05
2024-01-19 00:00:00,2.9362149e-05
2024-01-20 00:00:00,2.733885e-05
2024-01-21 00:00:00,2.5315556e-05
2024-01-22 00:00:00,2.8092563e-05
2024-01-23 00:00:00,2.9014154e-05
2024-01-24 00:00:00,2.9685138e-05
2024-01-25 00:00:00,3.0356117e-05
2024-01-26 00:00:00,2.7587615e-05
2024-01-27 00:00:00,2.9664532e-05
2024-01-28 00:00:00,3.0437084e-05
2024-01-29 00:00:00,3.0428184e-05
2024-01-30 00:00:00,3.0419285e-05
2024-01-31 00:00:00,2.9328308e-05
2024-02-01 00:00:00,3.0172136e-05
2024-02-02 00:00:00,3.2070686e-05
2024-02-03 00:00:00,3.3969234e-05
2024-02-04 00:00:00,3.539194e-05
2024-02-05 00:00:00,3.6029778e-05
2024-02-06 00:00:00,3.607836e-05
2024-02-07 00:00:00,3.4163375e-05
2024-02-08 00:00:00,3.2248397e-05
2024-02-09 00:00:00,2.9127654e-05
2024-02-10 00:00:00,2.8892708e-05
2024-02-11 00:00:00,2.8657765e-05
2024-02-12 00:00:00,2.842282e-05
2024-02-13 00:00:00,3.4800367e-05
2024-02-14 00:00:00,3.057076e-05
2024-02-15 00:00:00,2.6341157e-05
2024-02-16 00:00:00,3.0323172e-05
2024-02-17 00:00:00,3.0132622e-05
2024-02-18 00:00:00,2.6466623e-05
2024-02-19 00:00:00,2.2086719e-05
2024-02-20 00:00:00,2.3301449e-05
2024-02-21 00:00:00,4.3930297e-05
2024-02-22 00:00:00,3.0573356e-05
2024-02-23 00:00:00,3.2419157e-05
2024-02-24 00:00:00,3.4264966e-05
2024-02-25 00:00:00,3.6110767e-05
2024-02-26 00:00:00,3.823242e-05
2024-02-27 00:00:00,3.394407e-05
2024-02-28 00:00:00,2.8523862e-05
2024-02-29 00:00:00,2.7783137e-05
2024-03-01 00:00:00,2.704941e-05
2024-03-02 00:00:00,2.8081697e-05
2024-03-03 00:00:00,2.5687572e-05
2024-03-04 00:00:00,2.4619776e-05
2024-03-05 00:00:00,2.355198e-05
2024-03-06 00:00:00,2.2484186e-05
2024-03-07 00:00:00,2.3005714e-05
2024-03-08 00:00:00,2.3527242e-05
2024-03-09 00:00:00,2.3672343e-05
2024-03-10 00:00:00,2.3817443e-05
2024-03-11 00:00:00,2.3962544e-05
2024-03-12 00:00:00,2.4107643e-05
2024-03-13 00:00:00,2.4252742e-05
2024-03-14 00:00:00,2.4397843e-05
2024-03-15 00:00:00,2.4542944e-05
2024-03-16 00:00:00,2.4411987e-05
2024-03-17 00:00:00,2.4920973e-05
2024-03-18 00:00:00,2.542996e-05
2024-03-19 00:00:00,2.417274e-05
2024-03-20 00:00:00,2.743369e-05
2024-03-21 00:00:00,2.2309625e-05
2024-03-22 00:00:00,3.066879e-05
2024-03-24 00:00:00,2.776769e-05
2024-03-25 00:00:00,2.6433154e-05
2024-03-26 00:00:00,2.5098616e-05
2024-03-27 00:00:00,2.9513114e-05
2024-03-28 00:00:00,2.539391e-05
2024-03-29 00:00:00,2.2022687e-05
2024-03-30 00:00:00,1.8120554e-05
2024-03-31 00:00:00,1.9237417e-05
2024-04-01 00:00:00,2.0467769e-05
2024-04-02 00:00:00,2.169812e-05
2024-04-03 00:00:00,2.0664877e-05
2024-04-04 00:00:00,3.3864737e-05
2024-04-05 00:00:00,3.234131e-05
2024-04-06 00:00:00,3.0817886e-05
2024-04-07 00:00:00,2.929446e-05
2024-04-08 00:00:00,2.7703043e-05
2024-04-09 00:00:00,2.5847503e-05
2024-04-10 00:00:00,2.340772e-05
2024-04-11 00:00:00,2.0967937e-05
2024-04-12 00:00:00,1.8528155e-05
2024-04-13 00:00:00,1.691185e-05
2024-04-14 00:00:00,1.6155049e-05
2024-04-15 00:00:00,1.5324275e-05
2024-04-16 00:00:00,1.697035e-05
2024-04-17 00:00:00,1.8127785e-05
2024-04-18 00:00:00,1.928522e-05
2024-04-19 00:00:00,1.730369e-05
2024-04-20 00:00:00,1.7485623e-05
2024-04-21 00:00:00,1.7371935e-05
2024-04-22 00:00:00,1.7258244e-05
2024-04-23 00:00:00,1.7044156e-05
2024-04-24 00:00:00,1.6830068e-05
2024-04-25 00:00:00,1.661598e-05
2024-04-26 00:00:00,1.6401893e-05
2024-04-27 00:00:00,1.8491468e-05
2024-04-28 00:00:00,1.8425528e-05
2024-04-29 00:00:00,2.0324444e-05
2024-04-30 00:00:00,1.9875119e-05
2024-05-01 00:00:00,2.1217176e-05
2024-05-02 00:00:00,2.840488e-05
2024-05-03 00:00:00,3.1035408e-05
2024-05-04 00:00:00,2.8801856e-05
2024-05-05 00:00:00,2.3762113e-05
2024-05-06 00:00:00,1.849044e-05
2024-05-07 00:00:00,1.8701594e-05
2024-05-08 00:00:00,1.8266317e-05
2024-05-09 00:00:00,1.8825102e-05
2024-05-10 00:00:00,1.5775235e-05
2024-05-11 00:00:00,1.759468e-05
2024-05-12 00:00:00,1.4504222e-05
2024-05-13 00:00:00,1.5780666e-05
2024-05-14 00:00:00,1.622882e-05
2024-05-15 00:00:00,1.598399e-05
2024-05-16 00:00:00,1.6467346e-05
2024-05-17 00:00:00,1.5624713e-05
2024-05-18 00:00:00,1.619781e-05
2024-05-19 00:00:00,1.6972106e-05
2024-05-20 00:00:00,1.7321758e-05
2024-05-21 00:00:00,1.94433e-05
2024-05-22 00:00:00,2.0738973e-05
2024-05-23 00:00:00,1.8676701e-05
2024-05-24 00:00:00,2.012833e-05
2024-05-25 00:00:00,1.9836638e-05
2024-05-26 00:00:00,2.0083764e-05
2024-05-27 00:00:00,1.8571647e-05
2024-05-28 00:00:00,1.5713678e-05
2024-05-29 00:00:00,1.6425516e-05
2024-05-30 00:00:00,2.006081e-05
2024-05-31 00:00:00,1.5972384e-05
2024-06-01 00:00:00,2.047134e-05
2024-06-02 00:00:00,2.2908293e-05
2024-06-03 00:00:00,2.5345244e-05
2024-06-04 00:00:00,2.5849826e-05
2024-06-05 00:00:00,2.7196611e-05
2024-06-06 00:00:00,1.861705e-05
2024-06-07 00:00:00,2.4386534e-05
2024-06-08 00:00:00,1.6285074e-05
2024-06-09 00:00:00,1.6435073e-05
2024-06-10 00:00:00,1.8739145e-05
2024-06-11 00:00:00,1.5489133e-05
2024-06-12 00:00:00,1.6878832e-05
2024-06-13 00:00:00,2.1348107e-05
2024-06-14 00:00:00,1.9137622e-05
2024-06-15 00:00:00,1.6923943e-05
2024-06-16 00:00:00,1.4710261e-05
2024-06-17 00:00:00,1.4938563e-05
2024-06-18 00:00:00,1.5166866e-05
2024-06-19 00:00:00,2.067705e-05
2024-06-20 00:00:00,2.2636203e-05
2024-06-21 00:00:00,2.2506843e-05
2024-06-22 00:00:00,1.6770224e-05
2024-06-23 00:00:00,1.8989043e-05
2024-06-24 00:00:00,1.9658446e-05
2024-06-25 00:00:00,2.0327849e-05
2024-06-26 00:00:00,1.881751e-05
2024-06-27 00:00:00,1.5284022e-05
2024-06-28 00:00:00,1.5541527e-05
2024-06-29 00:00:00,1.813591e-05
2024-06-30 00:00:00,2.808121e-05
2024-07-01 00:00:00,3.0873354e-05
2024-07-02 00:00:00,2.7759648e-05
2024-07-03 00:00:00,2.4645946e-05
2024-07-04 00:00:00,2.153224e-05
2024-07-05 00:00:00,1.8418536e-05
2024-07-06 00:00:00,1.802823e-05
2024-07-07 00:00:00,1.5934555e-05
2024-07-08 00:00:00,1.6755086e-05
2024-07-09 00:00:00,2.3891076e-05
2024-07-10 00:00:00,2.0245738e-05
2024-07-11 00:00:00,1.8535435e-05
2024-07-12 00:00:00,1.9535957e-05
2024-07-13 00:00:00,2.6917038e-05
2024-07-14 00:00:00,2.6118967e-05
2024-07-15 00:00:00,2.8626913e-05
2024-07-16 00:00:00,2.3572902e-05
2024-07-17 00:00:00,1.5611839e-05
2024-07-18 00:00:00,1.3031256e-05
2024-07-19 00:00:00,2.2662603e-05
2024-07-20 00:00:00,2.0054826e-05
2024-07-21 00:00:00,2.1838976e-05
2024-07-22 00:00:00,2.2272658e-05
2024-07-23 00:00:00,2.3231209e-05
2024-07-24 00:00:00,2.9312803e-05
2024-07-25 00:00:00,3.0130614e-05
2024-07-26 00:00:00,1.826187e-05
2024-07-27 00:00:00,1.6701373e-05
2024-07-28 00:00:00,1.960527e-05
2024-07-29 00:00:00,2.1698917e-05
2024-07-30 00:00:00,2.3099386e-05
2024-07-31 00:00:00,1.99859e-05
2024-08-01 00:00:00,1.6751783e-05
2024-08-02 00:00:00,1.7415421e-05
2024-08-03 00:00:00,1.609156e-05
2024-08-04 00:00:00,2.1247646e-05
2024-08-05 00:00:00,2.4893105e-05
2024-08-06 00:00:00,2.2730554e-05
2024-08-07 00:00:00,2.9034833e-05
2024-08-08 00:00:00,2.3158556e-05
2024-08-09 00:00:00,1.8966392e-05
2024-08-10 00:00:00,1.7521043e-05
2024-08-11 00:00:00,1.968568e-05
2024-08-13 00:00:00,2.3985971e-05
2024-08-14 00:00:00,1.9384672e-05
2024-08-15 00:00:00,2.9607592e-05
2024-08-16 00:00:00,2.5943025e-05
2024-08-17 00:00:00,2.0973159e-05
2024-08-18 00:00:00,2.0904301e-05
2024-08-19 00:00:00,2.8342782e-05
2024-08-20 00:00:00,2.8382326e-05
2024-08-21 00:00:00,2.583565e-05
2024-08-22 00:00:00,3.8670783e-05
2024-08-23 00:00:00,2.4272103e-05
2024-08-24 00:00:00,1.9714107e-05
2024-08-25 00:00:00,1.969338e-05
2024-08-26 00:00:00,2.1728569e-05
2024-08-27 00:00:00,2.629412e-05
2024-08-28 00:00:00,2.8192298e-05
2024-08-29 00:00:00,3.009048e-05
2024-08-30 00:00:00,1.9354087e-05
2024-08-31 00:00:00,2.936193e-05
2024-09-01 00:00:00,1.9515328e-05
2024-09-02 00:00:00,2.070935e-05
2024-09-03 00:00:00,1.9373676e-05
2024-09-04 00:00:00,1.6786984e-05
2024-09-05 00:00:00,2.2691353e-05
2024-09-06 00:00:00,2.316954e-05
2024-09-07 00:00:00,1.6780523e-05
2024-09-08 00:00:00,1.6506483e-05
2024-09-09 00:00:00,1.904261e-05
2024-09-10 00:00:00,2.1965501e-05
2024-09-11 00:00:00,2.5665377e-05
2024-09-12 00:00:00,2.3537958e-05
2024-09-13 00:00:00,2.1027045e-05
2024-09-14 00:00:00,2.4920544e-05
2024-09-15 00:00:00,2.1578337e-05
2024-09-16 00:00:00,3.3113556e-05
2024-09-17 00:00:00,2.7523809e-05
2024-09-18 00:00:00,3.9238774e-05
2024-09-19 00:00:00,7.675149e-05
2024-09-20 00:00:00,2.9552311e-05
2024-09-21 00:00:00,2.8058952e-05
2024-09-22 00:00:00,2.5914509e-05
2024-09-23 00:00:00,2.7705075e-05
2024-09-24 00:00:00,2.9495635e-05
2024-09-25 00:00:00,3.2032156e-05
2024-09-26 00:00:00,3.4454286e-05
2024-09-27 00:00:00,3.064974e-05
2024-09-28 00:00:00,2.642925e-05
2024-09-29 00:00:00,2.5069185e-05
2024-09-30 00:00:00,2.4864934e-05
2024-10-01 00:00:00,2.4270224e-05
2024-10-02 00:00:00,2.5645073e-05
2024-10-03 00:00:00,2.4340154e-05
2024-10-04 00:00:00,2.3933437e-05
2024-10-05 00:00:00,2.169318e-05
2024-10-06 00:00:00,1.8424129e-05
2024-10-07 00:00:00,2.0786516e-05
2024-10-08 00:00:00,1.9162117e-05
2024-10-09 00:00:00,1.8091128e-05
2024-10-10 00:00:00,2.105443e-05
2024-10-11 00:00:00,1.5473393e-05
2024-10-12 00:00:00,2.1670465e-05
2024-10-13 00:00:00,2.8847084e-05
2024-10-14 00:00:00,3.0092064e-05
2024-10-15 00:00:00,3.0374404e-05
2024-10-16 00:00:00,2.923364e-05
2024-10-17 00:00:00,4.656214e-05
2024-10-18 00:00:00,2.9982895e-05
2024-10-19 00:00:00,2.5209678e-05
2024-10-20 00:00:00,2.8348273e-05
2024-10-21 00:00:00,3.0880634e-05
2024-10-22 00:00:00,3.3412995e-05
2024-10-23 00:00:00,2.1600363e-05
2024-10-24 00:00:00,3.5233876e-05
2024-10-25 00:00:00,3.861473e-05
2024-10-26 00:00:00,2.385483e-05
2024-10-27 00:00:00,2.5221956e-05
2024-10-28 00:00:00,3.0275089e-05
2024-10-29 00:00:00,2.6514826e-05
2024-10-30 00:00:00,2.4098275e-05
2024-10-31 00:00:00,2.2713282e-05
2024-11-01 00:00:00,2.0007179e-05
2024-11-02 00:00:00,1.7301076e-05
2024-11-03 00:00:00,1.9322835e-05
2024-11-04 00:00:00,2.1415672e-05
2024-11-05 00:00:00,2.3508508e-05
2024-11-06 00:00:00,2.6023688e-05
2024-11-07 00:00:00,2.9244835e-05
2024-11-08 00:00:00,2.8277202e-05
2024-11-09 00:00:00,2.7309563e-05
2024-11-10 00:00:00,2.57973e-05
2024-11-11 00:00:00,2.4285038e-05
2024-11-12 00:00:00,2.3206057e-05
2024-11-13 00:00:00,2.2109096e-05
2024-11-14 00:00:00,2.0997708e-05
2024-11-15 00:00:00,2.0462483e-05
2024-11-16 00:00:00,2.1263511e-05
2024-11-17 00:00:00,2.2040633e-05
2024-11-18 00:00:00,2.2807073e-05
2024-11-19 00:00:00,2.3573513e-05
2024-11-20 00:00:00,2.4173842e-05
2024-11-21 00:00:00,2.4774168e-05
2024-11-22 00:00:00,2.5818226e-05
2024-11-23 00:00:00,2.5912806e-05
2024-11-24 00:00:00,2.6007387e-05
2024-11-25 00:00:00,2.6101967e-05
2024-11-26 00:00:00,2.6196547e-05
2024-11-27 00:00:00,2.6291129e-05
2024-11-28 00:00:00,2.648895e-05
2024-11-29 00:00:00,2.668677e-05
2024-11-30 00:00:00,2.6884592e-05
2024-12-01 00:00:00,2.7082411e-05
2024-12-02 00:00:00,2.7280235e-05
2024-12-03 00:00:00,2.7478058e-05
2024-12-04 00:00:00,2.741414e-05
2024-12-05 00:00:00,2.7350228e-05
2024-12-06 00:00:00,2.7107844e-05
2024-12-07 00:00:00,2.6865462e-05
2024-12-08 00:00:00,2.6623082e-05
2024-12-09 00:00:00,2.6380698e-05
2024-12-10 00:00:00,2.6138316e-05
2024-12-11 00:00:00,2.8635193e-05
2024-12-12 00:00:00,2.9512988e-05
2024-12-13 00:00:00,2.7606584e-05
2024-12-14 00:00:00,2.8228815e-05
2024-12-15 00:00:00,2.8851044e-05
2024-12-16 00:00:00,2.9473274e-05
2024-12-17 00:00:00,3.0095502e-05
2024-12-18 00:00:00,3.071773e-05
2024-12-19 00:00:00,3.152316e-05
2024-12-20 00:00:00,3.2487915e-05
2024-12-21 00:00:00,3.3452667e-05
2024-12-22 00:00:00,3.3269098e-05
2024-12-23 00:00:00,3.3085526e-05
2024-12-24 00:00:00,3.3414937e-05
2024-12-25 00:00:00,3.3744345e-05
2024-12-26 00:00:00,3.407376e-05
2024-12-27 00:00:00,2.8997169e-05
2024-12-28 00:00:00,2.6744347e-05
2024-12-29 00:00:00,2.449153e-05
2024-12-30 00:00:00,2.2284143e-05
2024-12-31 00:00:00,2.4927922e-05
2025-01-01 00:00:00,2.7571701e-05
2025-01-02 00:00:00,3.021548e-05
2025-01-03 00:00:00,3.2859258e-05
2025-01-04 00:00:00,3.255657e-05
2025-01-05 00:00:00,3.225388e-05
2025-01-06 00:00:00,3.195119e-05
2025-01-07 00:00:00,3.2135467e-05
2025-01-08 00:00:00,2.7442235e-05
2025-01-09 00:00:00,2.8087632e-05
2025-01-10 00:00:00,3.133509e-05
2025-01-11 00:00:00,3.4582554e-05
2025-01-12 00:00:00,3.528082e-05
2025-01-13 00:00:00,3.512703e-05
2025-01-14 00:00:00,3.497324e-05
2025-01-15 00:00:00,3.4885517e-05
2025-01-16 00:00:00,3.4797802e-05
2025-01-17 00:00:00,3.4710083e-05
2025-01-18 00:00:00,3.4622364e-05
2025-01-19 00:00:00,3.4945624e-05
2025-01-20 00:00:00,3.546475e-05
2025-01-21 00:00:00,3.518206e-05
2025-01-22 00:00:00,3.575419e-05
2025-01-23 00:00:00,3.6675876e-05
2025-01-24 00:00:00,3.7597565e-05
2025-01-25 00:00:00,3.851925e-05
2025-01-26 00:00:00,3.2303305e-05
2025-01-27 00:00:00,3.0654715e-05
2025-01-28 00:00:00,2.9006129e-05
2025-01-29 00:00:00,2.7357542e-05
2025-02-01 00:00:00,2.5708956e-05
2025-02-02 00:00:00,2.411612e-05
2025-02-03 00:00:00,2.2586173e-05
2025-02-04 00:00:00,2.1845819e-05
2025-02-05 00:00:00,2.0833115e-05
2025-02-06 00:00:00,1.7149157e-05
2025-02-07 00:00:00,2.2639837e-05
2025-02-08 00:00:00,2.8130515e-05
2025-02-09 00:00:00,2.7804603e-05
2025-02-10 00:00:00,2.91298e-05
2025-02-11 00:00:00,3.0454998e-05
2025-02-12 00:00:00,3.1780197e-05
2025-02-13 00:00:00,2.6268719e-05
2025-02-14 00:00:00,2.1353313e-05
2025-02-15 00:00:00,1.6183947e-05
2025-02-16 00:00:00,1.7753771e-05
2025-02-17 00:00:00,2.0263351e-05
2025-02-18 00:00:00,2.2772929e-05
2025-02-19 00:00:00,2.5282507e-05
2025-02-20 00:00:00,2.476565e-05
2025-02-21 00:00:00,2.4248795e-05
2025-02-22 00:00:00,2.3516524e-05
2025-02-23 00:00:00,2.2784256e-05
2025-02-24 00:00:00,2.2051987e-05
2025-02-25 00:00:00,2.1319718e-05
2025-02-26 00:00:00,2.2289161e-05
2025-02-27 00:00:00,2.378138e-05
2025-02-28 00:00:00,2.454566e-05
2025-03-01 00:00:00,2.2200076e-05
2025-03-02 00:00:00,2.0828295e-05
2025-03-03 00:00:00,2.0454858e-05
2025-03-04 00:00:00,2.0597361e-05
2025-03-05 00:00:00,1.891848e-05
2025-03-06 00:00:00,1.8445571e-05
2025-03-07 00:00:00,1.7972665e-05
2025-03-08 00:00:00,1.7454573e-05
2025-03-09 00:00:00,1.6936483e-05
2025-03-10 00:00:00,1.6418393e-05
2025-03-11 00:00:00,1.5900303e-05
2025-03-12 00:00:00,1.4421016e-05
2025-03-13 00:00:00,1.608863e-05
2025-03-14 00:00:00,1.7756243e-05
2025-03-15 00:00:00,1.9423856e-05
2025-03-16 00:00:00,2.1091468e-05
2025-03-17 00:00:00,2.2580412e-05
2025-03-18 00:00:00,2.4069355e-05
2025-03-19 00:00:00,2.6994267e-05
2025-03-20 00:00:00,2.9919178e-05
2025-03-21 00:00:00,3.0281946e-05
2025-03-22 00:00:00,2.9597673e-05
2025-03-23 00:00:00,2.89134e-05
2025-03-24 00:00:00,2.8229128e-05
2025-03-25 00:00:00,2.507634e-05
2025-03-26 00:00:00,2.3273366e-05
2025-03-27 00:00:00,2.4088522e-05
2025-03-28 00:00:00,2.3310895e-05
2025-03-29 00:00:00,2.2960152e-05
2025-03-30 00:00:00,2.2609413e-05
2025-03-31 00:00:00,2.2258671e-05
2025-04-01 00:00:00,2.1907928e-05
2025-04-02 00:00:00,1.9335484e-05
2025-04-03 00:00:00,2.0972519e-05
2025-04-04 00:00:00,2.0002319e-05
2025-04-05 00:00:00,1.8570245e-05
2025-04-06 00:00:00,1.7138174e-05
2025-04-07 00:00:00,1.8898361e-05
2025-04-08 00:00:00,1.8323903e-05
2025-04-09 00:00:00,1.8235734e-05
2025-04-10 00:00:00,1.8147566e-05
2025-04-11 00:00:00,1.8173389e-05
2025-04-12 00:00:00,1.8199215e-05
2025-04-13 00:00:00,1.8225039e-05
2025-04-14 00:00:00,1.941705e-05
2025-04-15 00:00:00,1.979207e-05
2025-04-16 00:00:00,2.0167092e-05
2025-04-17 00:00:00,2.2618895e-05
2025-04-18 00:00:00,2.7736092e-05
2025-04-19 00:00:00,3.6088706e-05
2025-04-20 00:00:00,3.3846893e-05
2025-04-21 00:00:00,3.1605072e-05
2025-04-22 00:00:00,2.9363255e-05
2025-04-23 00:00:00,2.8679018e-05
2025-04-24 00:00:00,2.5426969e-05
2025-04-25 00:00:00,2.702718e-05
2025-04-26 00:00:00,2.8627392e-05
2025-04-27 00:00:00,3.0363626e-05
2025-04-28 00:00:00,2.3731538e-05
2025-04-29 00:00:00,2.6046775e-05
2025-04-30 00:00:00,2.5261688e-05
2025-05-01 00:00:00,2.7219367e-05
2025-05-02 00:00:00,2.413409e-05
2025-05-03 00:00:00,2.162612e-05
2025-05-04 00:00:00,1.9306786e-05
2025-05-05 00:00:00,1.7084372e-05
2025-05-06 00:00:00,1.8030867e-05
2025-05-07 00:00:00,1.8364537e-05
2025-05-08 00:00:00,1.8395342e-05
2025-05-09 00:00:00,1.8711606e-05
2025-05-10 00:00:00,1.9027872e-05
2025-05-11 00:00:00,2.0746606e-05
2025-05-12 00:00:00,2.0189935e-05
2025-05-13 00:00:00,1.9633264e-05
2025-05-14 00:00:00,1.9076593e-05
2025-05-15 00:00:00,2.016534e-05
2025-05-16 00:00:00,2.1254084e-05
2025-05-17 00:00:00,2.1752969e-05
2025-05-18 00:00:00,2.016566e-05
2025-05-19 00:00:00,2.0073068e-05
2025-05-20 00:00:00,1.9980478e-05
2025-05-21 00:00:00,1.8637224e-05
2025-05-22 00:00:00,1.7676117e-05
2025-05-23 00:00:00,1.6715012e-05
2025-05-24 00:00:00,1.5753907e-05
2025-05-25 00:00:00,1.5383852e-05
2025-05-26 00:00:00,1.6647034e-05
2025-05-27 00:00:00,1.7910217e-05
2025-05-28 00:00:00,1.91734e-05
2025-05-29 00:00:00,1.5607537e-05
2025-05-30 00:00:00,2.2884275e-05
2025-05-31 00:00:00,2.2132768e-05
2025-06-01 00:00:00,2.2374756e-05
2025-06-02 00:00:00,2.2616738e-05
2025-06-03 00:00:00,2.0257685e-05
2025-06-04 00:00:00,1.624538e-05
2025-06-05 00:00:00,2.1112584e-05
2025-06-06 00:00:00,1.7988981e-05
2025-06-07 00:00:00,1.8341416e-05
2025-06-08 00:00:00,1.8258612e-05
2025-06-09 00:00:00,1.6524846e-05
2025-06-10 00:00:00,1.47910805e-05
2025-06-11 00:00:00,1.3533391e-05
2025-06-12 00:00:00,1.26744435e-05
2025-06-13 00:00:00,1.37523875e-05
2025-06-14 00:00:00,1.4830329e-05
2025-06-15 00:00:00,1.588011e-05
2025-06-16 00:00:00,1.8870098e-05
2025-06-17 00:00:00,2.0465552e-05
2025-06-18 00:00:00,2.8869024e-05
2025-06-19 00:00:00,2.5368916e-05
2025-06-20 00:00:00,2.1868807e-05
2025-06-21 00:00:00,1.83687e-05
2025-06-22 00:00:00,1.6328255e-05
2025-06-23 00:00:00,1.4287809e-05
2025-06-24 00:00:00,2.092955e-05
2025-06-25 00:00:00,1.8468301e-05
2025-06-26 00:00:00,1.600705e-05
2025-06-27 00:00:00,1.34556e-05
2025-06-28 00:00:00,1.3579781e-05
2025-06-29 00:00:00,1.3703961e-05
2025-06-30 00:00:00,1.3656374e-05
2025-07-01 00:00:00,1.5595788e-05
2025-07-02 00:00:00,1.879838e-05
2025-07-03 00:00:00,1.7301234e-05
2025-07-04 00:00:00,1.7163089e-05
2025-07-05 00:00:00,1.6836846e-05
2025-07-06 00:00:00,1.7367625e-05
2025-07-07 00:00:00,1.7898403e-05
2025-07-08 00:00:00,1.9506584e-05
2025-07-09 00:00:00,3.31548e-05
2025-07-10 00:00:00,3.391209e-05
2025-07-11 00:00:00,2.0349378e-05
2025-07-12 00:00:00,1.863343e-05
2025-07-13 00:00:00,1.6917478e-05
2025-07-14 00:00:00,2.9234805e-05
2025-07-15 00:00:00,2.1992666e-05
2025-07-16 00:00:00,2.2486907e-05
2025-07-17 00:00:00,2.9439145e-05
2025-07-18 00:00:00,2.9412224e-05
2025-07-19 00:00:00,2.95191e-05
2025-07-20 00:00:00,2.2486933e-05
2025-07-21 00:00:00,1.5866597e-05
2025-07-22 00:00:00,1.8592267e-05
2025-07-23 00:00:00,1.6192573e-05
2025-07-24 00:00:00,1.5393873e-05
2025-07-25 00:00:00,1.51494205e-05
2025-07-26 00:00:00,1.7108847e-05
2025-07-27 00:00:00,1.8787148e-05
2025-07-28 00:00:00,1.709632e-05
2025-07-29 00:00:00,1.5167631e-05
2025-07-30 00:00:00,1.3306559e-05
2025-07-31 00:00:00,1.733603e-05
2025-08-01 00:00:00,1.4828855e-05
2025-08-02 00:00:00,1.7410428e-05
2025-08-03 00:00:00,1.5184603e-05
2025-08-04 00:00:00,2.066444e-05
2025-08-05 00:00:00,2.1809916e-05
2025-08-06 00:00:00,2.1630074e-05
2025-08-07 00:00:00,1.932906e-05
2025-08-08 00:00:00,1.7632814e-05
2025-08-09 00:00:00,1.7445205e-05
2025-08-10 00:00:00,1.815764e-05
2025-08-11 00:00:00,1.9189865e-05
2025-08-12 00:00:00,1.866352e-05
2025-08-13 00:00:00,1.9897647e-05
2025-08-14 00:00:00,2.3038818e-05
2025-08-15 00:00:00,2.0069323e-05
2025-08-16 00:00:00,1.7213522e-05
2025-08-17 00:00:00,1.3922597e-05
2025-08-18 00:00:00,1.4421155e-05
2025-08-19 00:00:00,1.6141612e-05
2025-08-20 00:00:00,1.7862068e-05
2025-08-21 00:00:00,2.083422e-05
2025-08-22 00:00:00,2.269228e-05
2025-08-23 00:00:00,1.5868747e-05
2025-08-24 00:00:00,2.0623735e-05
2025-08-25 00:00:00,1.3738906e-05
2025-08-26 00:00:00,2.9772034e-05
2025-08-27 00:00:00,3.4725366e-05
2025-08-28 00:00:00,2.091071e-05
2025-08-29 00:00:00,2.3410314e-05
2025-08-30 00:00:00,1.8007542e-05
2025-08-31 00:00:00,1.2549106e-05
2025-09-01 00:00:00,1.4912528e-05
2025-09-02 00:00:00,1.4027209e-05
2025-09-03 00:00:00,1.600841e-05
2025-09-04 00:00:00,1.7227867e-05
2025-09-05 00:00:00,1.975604e-05
2025-09-06 00:00:00,2.6510921e-05
2025-09-07 00:00:00,1.9482659e-05
2025-09-08 00:00:00,2.2320866e-05
2025-09-09 00:00:00,2.3610926e-05
2025-09-10 00:00:00,2.1839784e-05
2025-09-11 00:00:00,2.006864e-05
2025-09-12 00:00:00,2.3639665e-05
2025-09-13 00:00:00,2.1835465e-05
2025-09-14 00:00:00,2.1911148e-05
2025-09-15 00:00:00,2.1318332e-05
2025-09-16 00:00:00,2.186781e-05
2025-09-17 00:00:00,1.9705207e-05
2025-09-18 00:00:00,1.7542605e-05
2025-09-19 00:00:00,1.5380007e-05
2025-09-20 00:00:00,1.375826e-05
2025-09-21 00:00:00,1.5170939e-05
2025-09-22 00:00:00,1.932825e-05
2025-09-23 00:00:00,3.2598517e-05
2025-09-24 00:00:00,3.5670455e-05
2025-09-25 00:00:00,2.0828147e-05
2025-09-26 00:00:00,1.7453138e-05
2025-09-27 00:00:00,1.7135004e-05
2025-09-28 00:00:00,1.1267698e-05
2025-09-29 00:00:00,1.4233856e-05
2025-09-30 00:00:00,1.6889671e-05
2025-10-01 00:00:00,1.9545487e-05
2025-10-02 00:00:00,2.2201302e-05
2025-10-03 00:00:00,3.4028675e-05
2025-10-04 00:00:00,2.5771433e-05
2025-10-05 00:00:00,1.9066845e-05
2025-10-06 00:00:00,2.2726412e-05
2025-10-07 00:00:00,2.5741565e-05
2025-10-08 00:00:00,3.106987e-05
2025-10-09 00:00:00,2.7533222e-05
2025-10-10 00:00:00,2.5321257e-05
2025-10-11 00:00:00,2.1643391e-05
2025-10-12 00:00:00,1.735468e-05
2025-10-13 00:00:00,1.8214545e-05
2025-10-14 00:00:00,1.8445975e-05
2025-10-15 00:00:00,1.8681732e-05
2025-10-16 00:00:00,2.0668642e-05
2025-10-17 00:00:00,1.804048e-05
2025-10-18 00:00:00,1.7012286e-05
2025-10-19 00:00:00,1.948818e-05
2025-10-20 00:00:00,1.9349656e-05
2025-10-21 00:00:00,1.9211133e-05
2025-10-22 00:00:00,1.907261e-05
2025-10-23 00:00:00,1.8934086e-05
2025-10-24 00:00:00,1.8795561e-05
2025-10-25 00:00:00,1.8758767e-05
2025-10-26 00:00:00,1.8721976e-05
2025-10-27 00:00:00,1.83995e-05
2025-10-28 00:00:00,1.8077028e-05
2025-10-29 00:00:00,1.7692364e-05
2025-10-30 00:00:00,1.7307699e-05
2025-10-31 00:00:00,1.6923037e-05
2025-11-01 00:00:00,1.8390063e-05
2025-11-02 00:00:00,1.9857089e-05
2025-11-03 00:00:00,2.1324115e-05
2025-11-04 00:00:00,2.2791142e-05
2025-11-05 00:00:00,2.3270428e-05
2025-11-06 00:00:00,1.9548996e-05
2025-11-07 00:00:00,2.2062417e-05
2025-11-08 00:00:00,2.2891796e-05
2025-11-09 00:00:00,2.3721177e-05
2025-11-10 00:00:00,2.4550556e-05
2025-11-11 00:00:00,2.5379934e-05
2025-11-12 00:00:00,2.6160757e-05
2025-11-13 00:00:00,2.6941572e-05
2025-11-14 00:00:00,2.7722395e-05
2025-11-15 00:00:00,2.8503215e-05
2025-11-16 00:00:00,2.9284032e-05
2025-11-17 00:00:00,3.0064852e-05
2025-11-18 00:00:00,3.0829247e-05
2025-11-19 00:00:00,3.327329e-05
2025-11-20 00:00:00,3.138934e-05
2025-11-21 00:00:00,2.6360565e-05
2025-11-22 00:00:00,2.8581022e-05
2025-11-23 00:00:00,2.5832363e-05
2025-11-24 00:00:00,3.1799038e-05
2025-11-25 00:00:00,3.776572e-05
2025-11-26 00:00:00,4.2491054e-05
2025-11-27 00:00:00,3.8715425e-05
2025-11-28 00:00:00,3.5131332e-05
2025-11-29 00:00:00,3.3279815e-05
2025-11-30 00:00:00,3.2077704e-05
2025-12-01 00:00:00,3.087559e-05
2025-12-02 00:00:00,2.8573335e-05
2025-12-03 00:00:00,2.6881162e-05
2025-12-04 00:00:00,2.5363037e-05
2025-12-05 00:00:00,2.3844914e-05
2025-12-06 00:00:00,2.7319016e-05
2025-12-07 00:00:00,3.079312e-05
2025-12-08 00:00:00,3.2423108e-05
2025-12-09 00:00:00,3.4271758e-05
2025-12-10 00:00:00,3.572018e-05
2025-12-11 00:00:00,3.5444238e-05
2025-12-12 00:00:00,3.4078188e-05
2025-12-13 00:00:00,3.0060784e-05
2025-12-14 00:00:00,3.1114447e-05
2025-12-15 00:00:00,3.2168107e-05
2025-12-16 00:00:00,3.078493e-05
2025-12-17 00:00:00,2.9401746e-05
2025-12-18 00:00:00,3.101995e-05
2025-12-19 00:00:00,3.2638156e-05
2025-12-20 00:00:00,3.4256354e-05
2025-12-21 00:00:00,3.5874556e-05
2025-12-22 00:00:00,3.8961854e-05
2025-12-23 00:00:00,3.9342034e-05
2025-12-24 00:00:00,3.7902402e-05
2025-12-25 00:00:00,3.721649e-05
2025-12-26 00:00:00,3.841964e-05
2025-12-27 00:00:00,3.9622788e-05
2025-12-28 00:00:00,4.082594e-05
2025-12-29 00:00:00,3.894387e-05
2025-12-30 00:00:00,3.91213e-05
2025-12-31 00:00:00,3.9782593e-05
2026-01-01 00:00:00,4.044389e-05
2026-01-02 00:00:00,4.0707982e-05
2026-01-03 00:00:00,4.097208e-05
2026-01-04 00:00:00,4.1272044e-05
2026-01-05 00:00:00,4.1572013e-05
2026-01-06 00:00:00,4.1871986e-05
2026-01-07 00:00:00,4.2171952e-05
2026-01-08 00:00:00,4.247192e-05
2026-01-09 00:00:00,4.2875487e-05
2026-01-10 00:00:00,4.124247e-05
2026-01-11 00:00:00,3.960946e-05
2026-01-12 00:00:00,3.797645e-05
2026-01-13 00:00:00,3.634344e-05
2026-01-14 00:00:00,3.4710432e-05
2026-01-15 00:00:00,3.3320262e-05
2026-01-16 00:00:00,3.1930093e-05
2026-01-17 00:00:00,3.0539923e-05
2026-01-18 00:00:00,2.914976e-05
2026-01-19 00:00:00,2.775959e-05
2026-01-20 00:00:00,2.5763717e-05
2026-01-21 00:00:00,2.3951403e-05
2026-01-22 00:00:00,2.19677e-05
2026-01-23 00:00:00,1.9984e-05
2026-01-24 00:00:00,1.8000303e-05
2026-01-25 00:00:00,1.847667e-05
2026-01-26 00:00:00,1.8897143e-05
2026-01-27 00:00:00,1.9318431e-05
2026-01-28 00:00:00,1.9739715e-05
2026-01-29 00:00:00,2.0161002e-05
2026-01-30 00:00:00,2.3262643e-05
2026-01-31 00:00:00,3.3966775e-05
2026-02-01 00:00:00,2.8010707e-05
2026-02-02 00:00:00,2.0612266e-05
2026-02-03 00:00:00,2.5927664e-05
2026-02-04 00:00:00,3.0479048e-05
2026-02-05 00:00:00,3.0914845e-05
2026-02-06 00:00:00,3.1350643e-05
2026-02-07 00:00:00,3.2366763e-05
2026-02-08 00:00:00,3.3382883e-05
2026-02-09 00:00:00,3.0953204e-05
2026-02-10 00:00:00,2.852353e-05
2026-02-11 00:00:00,2.931668e-05
2026-02-12 00:00:00,3.010983e-05
2026-02-13 00:00:00,2.9810451e-05
2026-02-14 00:00:00,2.9511077e-05
2026-02-15 00:00:00,2.776394e-05
2026-02-16 00:00:00,2.7530103e-05
2026-02-17 00:00:00,2.7598833e-05
2026-02-18 00:00:00,2.7667566e-05
2026-02-19 00:00:00,2.8059048e-05
2026-02-20 00:00:00,2.806622e-05
2026-02-21 00:00:00,2.7945378e-05
2026-02-22 00:00:00,2.7824539e-05
2026-02-23 00:00:00,2.7703696e-05
2026-02-25 00:00:00,2.7582857e-05
2026-02-26 00:00:00,2.7462012e-05
2026-02-27 00:00:00,2.7341173e-05
2026-02-28 00:00:00,3.35226e-05
2026-03-01 00:00:00,2.7225373e-05
2026-03-02 00:00:00,2.9408335e-05
2026-03-03 00:00:00,3.15913e-05
2026-03-04 00:00:00,3.2677406e-05
2026-03-05 00:00:00,3.1665175e-05
2026-03-06 00:00:00,2.8972465e-05
2026-03-07 00:00:00,2.6806685e-05
2026-03-08 00:00:00,2.4640902e-05
2026-03-09 00:00:00,3.466562e-05
2026-03-10 00:00:00,3.8793816e-05
2026-03-11 00:00:00,3.4363235e-05
2026-03-12 00:00:00,3.5057437e-05
2026-03-13 00:00:00,3.490731e-05
2026-03-14 00:00:00,3.341352e-05
2026-03-15 00:00:00,2.6036541e-05
2026-03-16 00:00:00,3.0619936e-05
2026-03-17 00:00:00,3.4082226e-05
2026-03-18 00:00:00,4.037765e-05
2026-03-19 00:00:00,3.9269573e-05
2026-03-20 00:00:00,3.8605434e-05
2026-03-21 00:00:00,3.7941303e-05
2026-03-22 00:00:00,3.727717e-05
2026-03-23 00:00:00,3.6613033e-05
2026-03-24 00:00:00,3.2689222e-05
2026-03-25 00:00:00,3.0551055e-05
2026-03-26 00:00:00,2.6948472e-05
2026-03-27 00:00:00,2.3351691e-05
2026-03-28 00:00:00,2.3638122e-05
2026-03-29 00:00:00,2.392455e-05
2026-03-30 00:00:00,2.1888374e-05
2026-03-31 00:00:00,2.0033169e-05
2026-04-01 00:00:00,1.8177963e-05
2026-04-02 00:00:00,2.3269451e-05
2026-04-03 00:00:00,1.9750576e-05
2026-04-04 00:00:00,1.9992765e-05
2026-04-05 00:00:00,2.0234955e-05
2026-04-06 00:00:00,2.1500438e-05
2026-04-07 00:00:00,2.1296708e-05
2026-04-08 00:00:00,1.8639807e-05
2026-04-09 00:00:00,1.9401421e-05
2026-04-10 00:00:00,1.875317e-05
2026-04-11 00:00:00,1.8104918e-05
2026-04-12 00:00:00,1.7456665e-05
2026-04-13 00:00:00,1.7113975e-05
2026-04-14 00:00:00,1.7885443e-05
2026-04-15 00:00:00,2.2379694e-05
2026-04-16 00:00:00,2.0126983e-05
2026-04-17 00:00:00,1.9261599e-05
2026-04-18 00:00:00,2.5767447e-05
2026-04-19 00:00:00,2.9225846e-05
2026-04-20 00:00:00,2.8334858e-05
2026-04-21 00:00:00,2.6715557e-05
2026-04-22 00:00:00,2.3842655e-05
2026-04-23 00:00:00,2.168563e-05
2026-04-24 00:00:00,2.0959458e-05
2026-04-25 00:00:00,2.1788834e-05
2026-04-26 00:00:00,2.2003102e-05
2026-04-27 00:00:00,2.4974974e-05
2026-04-28 00:00:00,2.7946844e-05
2026-04-29 00:00:00,3.091871e-05
2026-04-30 00:00:00,3.389058e-05
2026-05-01 00:00:00,3.686245e-05
2026-05-02 00:00:00,3.0115634e-05
2026-05-03 00:00:00,2.7027194e-05
2026-05-04 00:00:00,2.397169e-05
2026-05-05 00:00:00,1.9363593e-05
2026-05-06 00:00:00,2.2127651e-05
2026-05-07 00:00:00,1.8850102e-05
2026-05-08 00:00:00,1.8576473e-05
2026-05-09 00:00:00,1.983433e-05
2026-05-10 00:00:00,2.0098107e-05
2026-05-11 00:00:00,1.860564e-05
2026-05-12 00:00:00,2.4921348e-05
2026-05-13 00:00:00,2.1191916e-05
2026-05-14 00:00:00,2.0822266e-05
2026-05-15 00:00:00,2.3921159e-05
2026-05-16 00:00:00,2.7069313e-05
2026-05-17 00:00:00,2.9155493e-05
2026-05-18 00:00:00,2.9305436e-05
2026-05-19 00:00:00,2.9013718e-05
2026-05-20 00:00:00,3.174931e-05
2026-05-21 00:00:00,3.2469034e-05
2026-05-22 00:00:00,3.4635937e-05
2026-05-23 00:00:00,3.1943906e-05
2026-05-24 00:00:00,3.3469198e-05
2026-05-25 00:00:00,3.6286747e-05
2026-05-26 00:00:00,4.2768796e-05
2026-05-27 00:00:00,3.635261e-05
2026-05-28 00:00:00,4.206582e-05
2026-05-29 00:00:00,4.156757e-05
2026-05-30 00:00:00,3.3945253e-05
2026-05-31 00:00:00,2.6698057e-05
