NO2(t-4),NO2(t-3),NO2(t-2),NO2(t-1),NO2(t)
0.23820266853208497,0.1928396571780693,0.19685368861962058,0.149559558188078,0.15424679438234115
0.1928396571780693,0.19685368861962058,0.149559558188078,0.15424679438234115,0.18562532236984688
0.19685368861962058,0.149559558188078,0.15424679438234115,0.18562532236984688,0.15201043946874668
0.149559558188078,0.15424679438234115,0.18562532236984688,0.15201043946874668,0.14914328724274242
0.15424679438234115,0.18562532236984688,0.15201043946874668,0.14914328724274242,0.1599070041637173
0.18562532236984688,0.15201043946874668,0.14914328724274242,0.1599070041637173,0.24229229119779747
0.15201043946874668,0.14914328724274242,0.1599070041637173,0.24229229119779747,0.21410537740392308
0.14914328724274242,0.1599070041637173,0.24229229119779747,0.21410537740392308,0.1667799873287729
0.1599070041637173,0.24229229119779747,0.21410537740392308,0.1667799873287729,0.12725153424224425
0.24229229119779747,0.21410537740392308,0.1667799873287729,0.12725153424224425,0.08375335075280918
0.21410537740392308,0.1667799873287729,0.12725153424224425,0.08375335075280918,0.09153158082232013
0.1667799873287729,0.12725153424224425,0.08375335075280918,0.09153158082232013,0.17510366534668606
0.12725153424224425,0.08375335075280918,0.09153158082232013,0.17510366534668606,0.2863755660331948
0.08375335075280918,0.09153158082232013,0.17510366534668606,0.2863755660331948,0.18576888461193572
0.09153158082232013,0.17510366534668606,0.2863755660331948,0.18576888461193572,0.20442719627476671
0.17510366534668606,0.2863755660331948,0.18576888461193572,0.20442719627476671,0.20659718362064308
0.2863755660331948,0.18576888461193572,0.20442719627476671,0.20659718362064308,0.24104856358959784
0.18576888461193572,0.20442719627476671,0.20659718362064308,0.24104856358959784,0.2335703161478492
0.20442719627476671,0.20659718362064308,0.24104856358959784,0.2335703161478492,0.2388242116461429
0.20659718362064308,0.24104856358959784,0.2335703161478492,0.2388242116461429,0.2504754611644969
0.24104856358959784,0.2335703161478492,0.2388242116461429,0.2504754611644969,0.25987251929454536
0.2335703161478492,0.2388242116461429,0.2504754611644969,0.25987251929454536,0.437021454102719
0.2388242116461429,0.2504754611644969,0.25987251929454536,0.437021454102719,0.356098987059271
0.2504754611644969,0.25987251929454536,0.437021454102719,0.356098987059271,0.32486034101384953
0.25987251929454536,0.437021454102719,0.356098987059271,0.32486034101384953,0.279708481145991
0.437021454102719,0.356098987059271,0.32486034101384953,0.279708481145991,0.26373093971100514
0.356098987059271,0.32486034101384953,0.279708481145991,0.26373093971100514,0.24188939760849523
0.32486034101384953,0.279708481145991,0.26373093971100514,0.24188939760849523,0.24788005557161377
0.279708481145991,0.26373093971100514,0.24188939760849523,0.24788005557161377,0.25217171296372076
0.26373093971100514,0.24188939760849523,0.24788005557161377,0.25217171296372076,0.2267824685534399
0.24188939760849523,0.24788005557161377,0.25217171296372076,0.2267824685534399,0.20139322414315894
0.24788005557161377,0.25217171296372076,0.2267824685534399,0.20139322414315894,0.17600402554574116
0.25217171296372076,0.2267824685534399,0.20139322414315894,0.17600402554574116,0.2895078525690754
0.2267824685534399,0.20139322414315894,0.17600402554574116,0.2895078525690754,0.4365997161557168
0.20139322414315894,0.17600402554574116,0.2895078525690754,0.4365997161557168,0.46252115332600163
0.17600402554574116,0.2895078525690754,0.4365997161557168,0.46252115332600163,0.48634923279946884
0.2895078525690754,0.4365997161557168,0.46252115332600163,0.48634923279946884,0.38701078886818285
0.4365997161557168,0.46252115332600163,0.48634923279946884,0.38701078886818285,0.37000986442568873
0.46252115332600163,0.48634923279946884,0.38701078886818285,0.37000986442568873,0.3530089399831946
0.48634923279946884,0.38701078886818285,0.37000986442568873,0.3530089399831946,0.3479293318871943
0.38701078886818285,0.37000986442568873,0.3530089399831946,0.3479293318871943,0.4409951549537632
0.37000986442568873,0.3530089399831946,0.3479293318871943,0.4409951549537632,0.610859646002174
0.3530089399831946,0.3479293318871943,0.4409951549537632,0.610859646002174,0.49622211859691934
0.3479293318871943,0.4409951549537632,0.610859646002174,0.49622211859691934,0.40192024921220204
0.4409951549537632,0.610859646002174,0.49622211859691934,0.40192024921220204,0.6007232904288744
0.610859646002174,0.49622211859691934,0.40192024921220204,0.6007232904288744,0.2265096071406494
0.49622211859691934,0.40192024921220204,0.6007232904288744,0.2265096071406494,0.2107835172404188
0.40192024921220204,0.6007232904288744,0.2265096071406494,0.2107835172404188,0.13415348640775107
0.6007232904288744,0.2265096071406494,0.2107835172404188,0.13415348640775107,0.15703389626550643
0.2265096071406494,0.2107835172404188,0.13415348640775107,0.15703389626550643,0.17925728858218834
0.2107835172404188,0.13415348640775107,0.15703389626550643,0.17925728858218834,0.21076143544039108
0.13415348640775107,0.15703389626550643,0.17925728858218834,0.21076143544039108,0.24226562811145688
0.15703389626550643,0.17925728858218834,0.21076143544039108,0.24226562811145688,0.2737697596987052
0.17925728858218834,0.21076143544039108,0.24226562811145688,0.2737697596987052,0.27267579434007116
0.21076143544039108,0.24226562811145688,0.2737697596987052,0.27267579434007116,0.2562496075364725
0.24226562811145688,0.2737697596987052,0.27267579434007116,0.2562496075364725,0.2398234970876457
0.2737697596987052,0.27267579434007116,0.2562496075364725,0.2398234970876457,0.23841611066139842
0.27267579434007116,0.2562496075364725,0.2398234970876457,0.23841611066139842,0.2337687163871023
0.2562496075364725,0.2398234970876457,0.23841611066139842,0.2337687163871023,0.22893023666069914
0.2398234970876457,0.23841611066139842,0.2337687163871023,0.22893023666069914,0.2314762101742672
0.23841611066139842,0.2337687163871023,0.22893023666069914,0.2314762101742672,0.23748513219881948
0.2337687163871023,0.22893023666069914,0.2314762101742672,0.23748513219881948,0.20435647648505142
0.22893023666069914,0.2314762101742672,0.23748513219881948,0.20435647648505142,0.3656016896516927
0.2314762101742672,0.23748513219881948,0.20435647648505142,0.3656016896516927,0.5505406437061555
0.23748513219881948,0.20435647648505142,0.3656016896516927,0.5505406437061555,0.5194592579488982
0.20435647648505142,0.3656016896516927,0.5505406437061555,0.5194592579488982,0.4602874402875142
0.3656016896516927,0.5505406437061555,0.5194592579488982,0.4602874402875142,0.3949309930005275
0.5505406437061555,0.5194592579488982,0.4602874402875142,0.3949309930005275,0.32957449990067766
0.5194592579488982,0.4602874402875142,0.3949309930005275,0.32957449990067766,0.4019519822553953
0.4602874402875142,0.3949309930005275,0.32957449990067766,0.4019519822553953,0.4643016397095635
0.3949309930005275,0.32957449990067766,0.4019519822553953,0.4643016397095635,0.6527132087891305
0.32957449990067766,0.4019519822553953,0.4643016397095635,0.6527132087891305,0.5576281685092397
0.4019519822553953,0.4643016397095635,0.6527132087891305,0.5576281685092397,0.4625430366036224
0.4643016397095635,0.6527132087891305,0.5576281685092397,0.4625430366036224,0.5033838296963621
0.6527132087891305,0.5576281685092397,0.4625430366036224,0.5033838296963621,0.8854340322869512
0.5576281685092397,0.4625430366036224,0.5033838296963621,0.8854340322869512,0.6392263447419172
0.4625430366036224,0.5033838296963621,0.8854340322869512,0.6392263447419172,0.6831062257359806
0.5033838296963621,0.8854340322869512,0.6392263447419172,0.6831062257359806,0.3548854043150098
0.8854340322869512,0.6392263447419172,0.6831062257359806,0.3548854043150098,0.34180697721353703
0.6392263447419172,0.6831062257359806,0.3548854043150098,0.34180697721353703,0.2999003478601239
0.6831062257359806,0.3548854043150098,0.34180697721353703,0.2999003478601239,0.26860555051546187
0.3548854043150098,0.34180697721353703,0.2999003478601239,0.26860555051546187,0.2854427855979995
0.34180697721353703,0.2999003478601239,0.26860555051546187,0.2854427855979995,0.3150591523471945
0.2999003478601239,0.26860555051546187,0.2854427855979995,0.3150591523471945,0.3378566103807794
0.26860555051546187,0.2854427855979995,0.3150591523471945,0.3378566103807794,0.30721899855768886
0.2854427855979995,0.3150591523471945,0.3378566103807794,0.30721899855768886,0.27658147836032465
0.3150591523471945,0.3378566103807794,0.30721899855768886,0.27658147836032465,0.2349502453981284
0.3378566103807794,0.30721899855768886,0.27658147836032465,0.2349502453981284,0.19877920325689138
0.30721899855768886,0.27658147836032465,0.2349502453981284,0.19877920325689138,0.22735893944565697
0.27658147836032465,0.2349502453981284,0.19877920325689138,0.22735893944565697,0.25593867563442263
0.2349502453981284,0.19877920325689138,0.22735893944565697,0.25593867563442263,0.2526009336783672
0.19877920325689138,0.22735893944565697,0.25593867563442263,0.2526009336783672,0.24926322226422068
0.22735893944565697,0.25593867563442263,0.2526009336783672,0.24926322226422068,0.30882838916842204
0.25593867563442263,0.2526009336783672,0.24926322226422068,0.30882838916842204,0.3185401969391143
0.2526009336783672,0.24926322226422068,0.30882838916842204,0.3185401969391143,0.3282520963355329
0.24926322226422068,0.30882838916842204,0.3185401969391143,0.3282520963355329,0.3379639193771796
0.30882838916842204,0.3185401969391143,0.3282520963355329,0.3379639193771796,0.35587432077849124
0.3185401969391143,0.3282520963355329,0.3379639193771796,0.35587432077849124,0.2864698489055123
0.3282520963355329,0.3379639193771796,0.35587432077849124,0.2864698489055123,0.30185968766133753
0.3379639193771796,0.35587432077849124,0.2864698489055123,0.30185968766133753,0.43489497370585994
0.35587432077849124,0.2864698489055123,0.30185968766133753,0.43489497370585994,0.30136657327358185
0.2864698489055123,0.30185968766133753,0.43489497370585994,0.30136657327358185,0.3746362458667635
0.30185968766133753,0.43489497370585994,0.30136657327358185,0.3746362458667635,0.3711112820100583
0.43489497370585994,0.30136657327358185,0.3746362458667635,0.3711112820100583,0.36758634869526186
0.30136657327358185,0.3746362458667635,0.3711112820100583,0.36758634869526186,0.33740176500469
0.3746362458667635,0.3711112820100583,0.36758634869526186,0.33740176500469,0.30721716604316374
0.3711112820100583,0.36758634869526186,0.33740176500469,0.30721716604316374,0.27631953567991296
0.36758634869526186,0.33740176500469,0.30721716604316374,0.27631953567991296,0.24542182896189027
0.33740176500469,0.30721716604316374,0.27631953567991296,0.24542182896189027,0.2145241985986395
0.30721716604316374,0.27631953567991296,0.24542182896189027,0.2145241985986395,0.25693174579749445
0.27631953567991296,0.24542182896189027,0.2145241985986395,0.25693174579749445,0.2710053199118341
0.24542182896189027,0.2145241985986395,0.25693174579749445,0.2710053199118341,0.28125188596286543
0.2145241985986395,0.25693174579749445,0.2710053199118341,0.28125188596286543,0.29149837565912484
0.25693174579749445,0.2710053199118341,0.28125188596286543,0.29149837565912484,0.2492207079272379
0.2710053199118341,0.28125188596286543,0.29149837565912484,0.2492207079272379,0.28093721267699345
0.28125188596286543,0.29149837565912484,0.2492207079272379,0.28093721267699345,0.2927348190220871
0.29149837565912484,0.2492207079272379,0.28093721267699345,0.2927348190220871,0.29259890752814066
0.2492207079272379,0.28093721267699345,0.2927348190220871,0.29259890752814066,0.2924630113051486
0.28093721267699345,0.2927348190220871,0.29259890752814066,0.2924630113051486,0.27580275131287446
0.2927348190220871,0.29259890752814066,0.2924630113051486,0.27580275131287446,0.2886888102020726
0.29259890752814066,0.2924630113051486,0.27580275131287446,0.2886888102020726,0.31768148063264257
0.2924630113051486,0.27580275131287446,0.2886888102020726,0.31768148063264257,0.346674120521304
0.27580275131287446,0.2886888102020726,0.31768148063264257,0.346674120521304,0.36840019893777676
0.2886888102020726,0.31768148063264257,0.346674120521304,0.36840019893777676,0.37814059393506105
0.31768148063264257,0.346674120521304,0.36840019893777676,0.37814059393506105,0.3788824874405563
0.346674120521304,0.36840019893777676,0.37814059393506105,0.3788824874405563,0.3496388388748165
0.36840019893777676,0.37814059393506105,0.3788824874405563,0.3496388388748165,0.3203952972057573
0.37814059393506105,0.3788824874405563,0.3496388388748165,0.3203952972057573,0.2727385732335109
0.3788824874405563,0.3496388388748165,0.3203952972057573,0.2727385732335109,0.26915072358668535
0.3496388388748165,0.3203952972057573,0.2727385732335109,0.26915072358668535,0.26556291975272295
0.3203952972057573,0.2727385732335109,0.26915072358668535,0.26556291975272295,0.26197508537685166
0.2727385732335109,0.26915072358668535,0.26556291975272295,0.26197508537685166,0.3593663146446987
0.26915072358668535,0.26556291975272295,0.26197508537685166,0.3593663146446987,0.29477617911925436
0.26556291975272295,0.26197508537685166,0.3593663146446987,0.29477617911925436,0.2301861046776277
0.26197508537685166,0.3593663146446987,0.29477617911925436,0.2301861046776277,0.2909952740672074
0.3593663146446987,0.29477617911925436,0.2301861046776277,0.2909952740672074,0.28808539371085895
0.29477617911925436,0.2301861046776277,0.2909952740672074,0.28808539371085895,0.23210209023936793
0.2301861046776277,0.2909952740672074,0.28808539371085895,0.23210209023936793,0.1652167760840728
0.2909952740672074,0.28808539371085895,0.23210209023936793,0.1652167760840728,0.18376686249324106
0.28808539371085895,0.23210209023936793,0.1652167760840728,0.18376686249324106,0.4987890591308457
0.23210209023936793,0.1652167760840728,0.18376686249324106,0.4987890591308457,0.2948158225168145
0.1652167760840728,0.18376686249324106,0.4987890591308457,0.2948158225168145,0.3230029653750045
0.18376686249324106,0.4987890591308457,0.2948158225168145,0.3230029653750045,0.35119023040082953
0.4987890591308457,0.2948158225168145,0.3230029653750045,0.35119023040082953,0.37937737325901966
0.2948158225168145,0.3230029653750045,0.35119023040082953,0.37937737325901966,0.4117770394237401
0.3230029653750045,0.35119023040082953,0.37937737325901966,0.4117770394237401,0.34628984222538606
0.35119023040082953,0.37937737325901966,0.4117770394237401,0.34628984222538606,0.2635180931489123
0.37937737325901966,0.4117770394237401,0.34628984222538606,0.2635180931489123,0.25220651546874373
0.4117770394237401,0.34628984222538606,0.2635180931489123,0.25220651546874373,0.2410018039272985
0.34628984222538606,0.2635180931489123,0.25220651546874373,0.2410018039272985,0.25676581160724476
0.2635180931489123,0.25220651546874373,0.2410018039272985,0.25676581160724476,0.2202052379617845
0.25220651546874373,0.2410018039272985,0.25676581160724476,0.2202052379617845,0.20389897396290055
0.2410018039272985,0.25676581160724476,0.2202052379617845,0.20389897396290055,0.1875927099640167
0.25676581160724476,0.2202052379617845,0.20389897396290055,0.1875927099640167,0.17128647650704157
0.2202052379617845,0.20389897396290055,0.1875927099640167,0.17128647650704157,0.17925070680085234
0.20389897396290055,0.1875927099640167,0.17128647650704157,0.17925070680085234,0.187214937094663
0.1875927099640167,0.17128647650704157,0.17925070680085234,0.187214937094663,0.1894307678455762
0.17128647650704157,0.17925070680085234,0.187214937094663,0.1894307678455762,0.19164658332553494
0.17925070680085234,0.187214937094663,0.1894307678455762,0.19164658332553494,0.19386241407644808
0.187214937094663,0.1894307678455762,0.19164658332553494,0.19386241407644808,0.1960782142854525
0.1894307678455762,0.19164658332553494,0.19386241407644808,0.1960782142854525,0.19829401449445686
0.19164658332553494,0.19386241407644808,0.1960782142854525,0.19829401449445686,0.20050984524537
0.19386241407644808,0.1960782142854525,0.19829401449445686,0.20050984524537,0.20272567599628313
0.1960782142854525,0.19829401449445686,0.20050984524537,0.20272567599628313,0.2007258376240643
0.19829401449445686,0.20050984524537,0.20272567599628313,0.2007258376240643,0.2084985396080911
0.20050984524537,0.20272567599628313,0.2007258376240643,0.2084985396080911,0.21627125686307228
0.20272567599628313,0.2007258376240643,0.2084985396080911,0.21627125686307228,0.19707230760246744
0.2007258376240643,0.2084985396080911,0.21627125686307228,0.19707230760246744,0.24687012627491087
0.2084985396080911,0.21627125686307228,0.19707230760246744,0.24687012627491087,0.16862076344021124
0.21627125686307228,0.19707230760246744,0.24687012627491087,0.16862076344021124,0.2962731907767344
0.19707230760246744,0.24687012627491087,0.16862076344021124,0.2962731907767344,0.27412190790661606
0.24687012627491087,0.16862076344021124,0.2962731907767344,0.27412190790661606,0.2519706250364976
0.16862076344021124,0.2962731907767344,0.27412190790661606,0.2519706250364976,0.2315909866673573
0.2962731907767344,0.27412190790661606,0.2519706250364976,0.2315909866673573,0.21121131775630828
0.27412190790661606,0.2519706250364976,0.2315909866673573,0.21121131775630828,0.27862491530728695
0.2519706250364976,0.2315909866673573,0.21121131775630828,0.27862491530728695,0.2157207389578172
0.2315909866673573,0.21121131775630828,0.27862491530728695,0.2157207389578172,0.16423894633346828
0.21121131775630828,0.27862491530728695,0.2157207389578172,0.16423894633346828,0.10464965132135293
0.27862491530728695,0.2157207389578172,0.16423894633346828,0.10464965132135293,0.12170521523860436
0.2157207389578172,0.16423894633346828,0.10464965132135293,0.12170521523860436,0.14049386449703458
0.16423894633346828,0.10464965132135293,0.12170521523860436,0.14049386449703458,0.15928249848451045
0.10464965132135293,0.12170521523860436,0.14049386449703458,0.15928249848451045,0.14350389177218079
0.12170521523860436,0.14049386449703458,0.15928249848451045,0.14350389177218079,0.3450783516018743
0.14049386449703458,0.15928249848451045,0.14350389177218079,0.3450783516018743,0.3218141673896955
0.15928249848451045,0.14350389177218079,0.3450783516018743,0.3218141673896955,0.29855002899037975
0.14350389177218079,0.3450783516018743,0.3218141673896955,0.29855002899037975,0.27528586004915534
0.3450783516018743,0.3218141673896955,0.29855002899037975,0.27528586004915534,0.2509834036489518
0.3218141673896955,0.29855002899037975,0.27528586004915534,0.2509834036489518,0.22264753696609382
0.29855002899037975,0.27528586004915534,0.2509834036489518,0.22264753696609382,0.18538972208573382
0.27528586004915534,0.2509834036489518,0.22264753696609382,0.18538972208573382,0.1481319072053738
0.2509834036489518,0.22264753696609382,0.18538972208573382,0.1481319072053738,0.11087410759596814
0.22264753696609382,0.18538972208573382,0.1481319072053738,0.11087410759596814,0.0861915876832545
0.18538972208573382,0.1481319072053738,0.11087410759596814,0.0861915876832545,0.07463451414053726
0.1481319072053738,0.11087410759596814,0.0861915876832545,0.07463451414053726,0.06194780228976354
0.11087410759596814,0.0861915876832545,0.07463451414053726,0.06194780228976354,0.08708493851425095
0.0861915876832545,0.07463451414053726,0.06194780228976354,0.08708493851425095,0.1047600755924458
0.07463451414053726,0.06194780228976354,0.08708493851425095,0.1047600755924458,0.1224352126706407
0.06194780228976354,0.08708493851425095,0.1047600755924458,0.1224352126706407,0.09217535844594951
0.08708493851425095,0.1047600755924458,0.1224352126706407,0.09217535844594951,0.09495364898843975
0.1047600755924458,0.1224352126706407,0.09217535844594951,0.09495364898843975,0.09321752472734016
0.1224352126706407,0.09217535844594951,0.09495364898843975,0.09321752472734016,0.09148135465337745
0.09217535844594951,0.09495364898843975,0.09321752472734016,0.09148135465337745,0.08821202657292662
0.09495364898843975,0.09321752472734016,0.09148135465337745,0.08821202657292662,0.0849426984924758
0.09321752472734016,0.09148135465337745,0.08821202657292662,0.0849426984924758,0.08167337041202502
0.09148135465337745,0.08821202657292662,0.0849426984924758,0.08167337041202502,0.07840405760252858
0.08821202657292662,0.0849426984924758,0.08167337041202502,0.07840405760252858,0.11031386209277552
0.0849426984924758,0.08167337041202502,0.07840405760252858,0.11031386209277552,0.1093068953612216
0.08167337041202502,0.07840405760252858,0.11031386209277552,0.1093068953612216,0.13830515496109322
0.07840405760252858,0.11031386209277552,0.1093068953612216,0.13830515496109322,0.13144353338609346
0.11031386209277552,0.1093068953612216,0.13830515496109322,0.13144353338609346,0.1519380246030956
0.1093068953612216,0.13830515496109322,0.13144353338609346,0.1519380246030956,0.2617011244553461
0.13830515496109322,0.13144353338609346,0.1519380246030956,0.2617011244553461,0.30187179752815774
0.13144353338609346,0.1519380246030956,0.2617011244553461,0.30187179752815774,0.26776332683971626
0.1519380246030956,0.2617011244553461,0.30187179752815774,0.26776332683971626,0.19080164141991043
0.2617011244553461,0.30187179752815774,0.26776332683971626,0.19080164141991043,0.11029816355167701
0.30187179752815774,0.26776332683971626,0.19080164141991043,0.11029816355167701,0.11352268665198864
0.26776332683971626,0.19080164141991043,0.11029816355167701,0.11352268665198864,0.10687559144406297
0.19080164141991043,0.11029816355167701,0.11352268665198864,0.10687559144406297,0.11540877168506061
0.11029816355167701,0.11352268665198864,0.10687559144406297,0.11540877168506061,0.06883439187516813
0.11352268665198864,0.10687559144406297,0.11540877168506061,0.06883439187516813,0.0966190534598241
0.10687559144406297,0.11540877168506061,0.06883439187516813,0.0966190534598241,0.049424810340855
0.11540877168506061,0.06883439187516813,0.0966190534598241,0.049424810340855,0.06891732842838422
0.06883439187516813,0.0966190534598241,0.049424810340855,0.06891732842838422,0.07576106771580973
0.0966190534598241,0.049424810340855,0.06891732842838422,0.07576106771580973,0.07202227995593169
0.049424810340855,0.06891732842838422,0.07576106771580973,0.07202227995593169,0.0794035873793014
0.06891732842838422,0.07576106771580973,0.07202227995593169,0.0794035873793014,0.0665357772805826
0.07576106771580973,0.07202227995593169,0.0794035873793014,0.0665357772805826,0.07528751542060971
0.07202227995593169,0.0794035873793014,0.0665357772805826,0.07528751542060971,0.08711175431013521
0.0794035873793014,0.0665357772805826,0.07528751542060971,0.08711175431013521,0.0924512740496152
0.0665357772805826,0.07528751542060971,0.08711175431013521,0.0924512740496152,0.12484924513840004
0.07528751542060971,0.08711175431013521,0.0924512740496152,0.12484924513840004,0.14463540840762548
0.08711175431013521,0.0924512740496152,0.12484924513840004,0.14463540840762548,0.11314254678470662
0.0924512740496152,0.12484924513840004,0.14463540840762548,0.11314254678470662,0.13531030701459681
0.12484924513840004,0.14463540840762548,0.11314254678470662,0.13531030701459681,0.13085589179075027
0.14463540840762548,0.11314254678470662,0.13531030701459681,0.13085589179075027,0.13462974166187566
0.11314254678470662,0.13531030701459681,0.13085589179075027,0.13462974166187566,0.11153827194368945
0.13531030701459681,0.13085589179075027,0.13462974166187566,0.11153827194368945,0.0678943577366442
0.13085589179075027,0.13462974166187566,0.11153827194368945,0.0678943577366442,0.07876480335775302
0.13462974166187566,0.11153827194368945,0.0678943577366442,0.07876480335775302,0.13427921217512875
0.11153827194368945,0.0678943577366442,0.07876480335775302,0.13427921217512875,0.07184504525944371
0.0678943577366442,0.07876480335775302,0.13427921217512875,0.07184504525944371,0.14054839707511133
0.07876480335775302,0.13427921217512875,0.07184504525944371,0.14054839707511133,0.17776299515458724
0.13427921217512875,0.07184504525944371,0.14054839707511133,0.17776299515458724,0.21497756269215437
0.07184504525944371,0.14054839707511133,0.17776299515458724,0.21497756269215437,0.22268301139310928
0.14054839707511133,0.17776299515458724,0.21497756269215437,0.22268301139310928,0.24324970368240126
0.17776299515458724,0.21497756269215437,0.22268301139310928,0.24324970368240126,0.11223161908522342
0.21497756269215437,0.22268301139310928,0.24324970368240126,0.11223161908522342,0.20033714602233174
0.22268301139310928,0.24324970368240126,0.11223161908522342,0.20033714602233174,0.07662011998327767
0.24324970368240126,0.11223161908522342,0.20033714602233174,0.07662011998327767,0.07891074786872451
0.11223161908522342,0.20033714602233174,0.07662011998327767,0.07891074786872451,0.11409612625976209
0.20033714602233174,0.07662011998327767,0.07891074786872451,0.11409612625976209,0.06446534128628348
0.07662011998327767,0.07891074786872451,0.11409612625976209,0.06446534128628348,0.08568737131166745
0.07891074786872451,0.11409612625976209,0.06446534128628348,0.08568737131166745,0.15393746593050076
0.11409612625976209,0.06446534128628348,0.08568737131166745,0.15393746593050076,0.12018125034665064
0.06446534128628348,0.08568737131166745,0.15393746593050076,0.12018125034665064,0.08637625933452356
0.08568737131166745,0.15393746593050076,0.12018125034665064,0.08637625933452356,0.05257122250953333
0.15393746593050076,0.12018125034665064,0.08637625933452356,0.05257122250953333,0.056057611935484725
0.12018125034665064,0.08637625933452356,0.05257122250953333,0.056057611935484725,0.059544016632390506
0.08637625933452356,0.05257122250953333,0.056057611935484725,0.059544016632390506,0.14368978509979993
0.05257122250953333,0.056057611935484725,0.059544016632390506,0.14368978509979993,0.1736079211784192
0.056057611935484725,0.059544016632390506,0.14368978509979993,0.1736079211784192,0.17163247052033884
0.059544016632390506,0.14368978509979993,0.1736079211784192,0.17163247052033884,0.08402882349879795
0.14368978509979993,0.1736079211784192,0.17163247052033884,0.08402882349879795,0.1179123072164178
0.1736079211784192,0.17163247052033884,0.08402882349879795,0.1179123072164178,0.12813472988858068
0.17163247052033884,0.08402882349879795,0.1179123072164178,0.12813472988858068,0.13835715256074357
0.08402882349879795,0.1179123072164178,0.12813472988858068,0.13835715256074357,0.11529283459943798
0.1179123072164178,0.12813472988858068,0.13835715256074357,0.11529283459943798,0.0613331005632661
0.12813472988858068,0.13835715256074357,0.11529283459943798,0.0613331005632661,0.06526544766986003
0.13835715256074357,0.11529283459943798,0.0613331005632661,0.06526544766986003,0.10488415209675092
0.11529283459943798,0.0613331005632661,0.06526544766986003,0.10488415209675092,0.25675837465246354
0.0613331005632661,0.06526544766986003,0.10488415209675092,0.25675837465246354,0.29939707828770823
0.06526544766986003,0.10488415209675092,0.25675837465246354,0.29939707828770823,0.2518478160214057
0.10488415209675092,0.25675837465246354,0.29939707828770823,0.2518478160214057,0.20429861483892073
0.25675837465246354,0.29939707828770823,0.2518478160214057,0.20429861483892073,0.15674935257261827
0.29939707828770823,0.2518478160214057,0.20429861483892073,0.15674935257261827,0.10920012084822453
0.2518478160214057,0.20429861483892073,0.15674935257261827,0.10920012084822453,0.10323977572954232
0.20429861483892073,0.15674935257261827,0.10920012084822453,0.10323977572954232,0.0712673603263537
0.15674935257261827,0.10920012084822453,0.10323977572954232,0.0712673603263537,0.08379765179145396
0.10920012084822453,0.10323977572954232,0.0712673603263537,0.08379765179145396,0.19277102950910355
0.10323977572954232,0.0712673603263537,0.08379765179145396,0.19277102950910355,0.13710323922597514
0.0712673603263537,0.08379765179145396,0.19277102950910355,0.13710323922597514,0.1109852801438255
0.08379765179145396,0.19277102950910355,0.13710323922597514,0.1109852801438255,0.12626420595801782
0.19277102950910355,0.13710323922597514,0.1109852801438255,0.12626420595801782,0.23898035715463758
0.13710323922597514,0.1109852801438255,0.12626420595801782,0.23898035715463758,0.2267930513248225
0.1109852801438255,0.12626420595801782,0.23898035715463758,0.2267930513248225,0.26509178026831426
0.12626420595801782,0.23898035715463758,0.2267930513248225,0.26509178026831426,0.18791220887147156
0.23898035715463758,0.2267930513248225,0.26509178026831426,0.18791220887147156,0.0663391790139459
0.2267930513248225,0.26509178026831426,0.18791220887147156,0.0663391790139459,0.026931213757443978
0.26509178026831426,0.18791220887147156,0.0663391790139459,0.026931213757443978,0.17401107437394583
0.18791220887147156,0.0663391790139459,0.026931213757443978,0.17401107437394583,0.13418783078414273
0.0663391790139459,0.026931213757443978,0.17401107437394583,0.13418783078414273,0.16143350403409742
0.026931213757443978,0.17401107437394583,0.13418783078414273,0.16143350403409742,0.1680562420697934
0.17401107437394583,0.13418783078414273,0.16143350403409742,0.1680562420697934,0.18269423065787024
0.13418783078414273,0.16143350403409742,0.1680562420697934,0.18269423065787024,0.2755659751652745
0.16143350403409742,0.1680562420697934,0.18269423065787024,0.2755659751652745,0.288054729634472
0.1680562420697934,0.18269423065787024,0.2755659751652745,0.288054729634472,0.10680768150995287
0.18269423065787024,0.2755659751652745,0.288054729634472,0.10680768150995287,0.0829774030190554
0.2755659751652745,0.288054729634472,0.10680768150995287,0.0829774030190554,0.12732268161868207
0.288054729634472,0.10680768150995287,0.0829774030190554,0.12732268161868207,0.1592946694351481
0.10680768150995287,0.0829774030190554,0.12732268161868207,0.1592946694351481,0.18068116763916173
0.0829774030190554,0.12732268161868207,0.1592946694351481,0.18068116763916173,0.133135264982822
0.12732268161868207,0.1592946694351481,0.18068116763916173,0.133135264982822,0.08374721182915004
0.1592946694351481,0.18068116763916173,0.133135264982822,0.08374721182915004,0.09388159744933525
0.18068116763916173,0.133135264982822,0.08374721182915004,0.09388159744933525,0.07366497651815887
0.133135264982822,0.08374721182915004,0.09388159744933525,0.07366497651815887,0.15240333058293262
0.08374721182915004,0.09388159744933525,0.07366497651815887,0.15240333058293262,0.20807296865154049
0.09388159744933525,0.07366497651815887,0.15240333058293262,0.20807296865154049,0.17504875099474995
0.07366497651815887,0.15240333058293262,0.20807296865154049,0.17504875099474995,0.2713211079773755
0.15240333058293262,0.20807296865154049,0.17504875099474995,0.2713211079773755,0.1815847500095901
0.20807296865154049,0.17504875099474995,0.2713211079773755,0.1815847500095901,0.11756640482884681
0.17504875099474995,0.2713211079773755,0.1815847500095901,0.11756640482884681,0.095494546192438
0.2713211079773755,0.1815847500095901,0.11756640482884681,0.095494546192438,0.12855061906005685
0.1815847500095901,0.11756640482884681,0.095494546192438,0.12855061906005685,0.16138539289233586
0.11756640482884681,0.095494546192438,0.12855061906005685,0.16138539289233586,0.1942201667246148
0.095494546192438,0.12855061906005685,0.16138539289233586,0.1942201667246148,0.12395393962524345
0.12855061906005685,0.16138539289233586,0.1942201667246148,0.12395393962524345,0.28006768453482345
0.16138539289233586,0.1942201667246148,0.12395393962524345,0.28006768453482345,0.22410624906999885
0.1942201667246148,0.12395393962524345,0.28006768453482345,0.22410624906999885,0.14821165212912527
0.12395393962524345,0.28006768453482345,0.22410624906999885,0.14821165212912527,0.1471601247527021
0.28006768453482345,0.22410624906999885,0.14821165212912527,0.1471601247527021,0.26075282873050476
0.22410624906999885,0.14821165212912527,0.1471601247527021,0.26075282873050476,0.26135670335034955
0.14821165212912527,0.1471601247527021,0.26075282873050476,0.26135670335034955,0.222466530343875
0.1471601247527021,0.26075282873050476,0.26135670335034955,0.222466530343875,0.41847126079687014
0.26075282873050476,0.26135670335034955,0.222466530343875,0.41847126079687014,0.19858967544213071
0.26135670335034955,0.222466530343875,0.41847126079687014,0.19858967544213071,0.12898472648010365
0.222466530343875,0.41847126079687014,0.19858967544213071,0.12898472648010365,0.1286682054087521
0.41847126079687014,0.19858967544213071,0.12898472648010365,0.1286682054087521,0.1597474837743055
0.19858967544213071,0.12898472648010365,0.1286682054087521,0.1597474837743055,0.2294678047966434
0.12898472648010365,0.1286682054087521,0.1597474837743055,0.2294678047966434,0.25845479443218555
0.1286682054087521,0.1597474837743055,0.2294678047966434,0.25845479443218555,0.28744184515154525
0.1597474837743055,0.2294678047966434,0.25845479443218555,0.28744184515154525,0.12348687748565321
0.2294678047966434,0.25845479443218555,0.28744184515154525,0.12348687748565321,0.27631619134090457
0.25845479443218555,0.28744184515154525,0.12348687748565321,0.27631619134090457,0.12594918144019515
0.28744184515154525,0.12348687748565321,0.27631619134090457,0.12594918144019515,0.14418303692614495
0.12348687748565321,0.27631619134090457,0.12594918144019515,0.14418303692614495,0.12378602021092486
0.27631619134090457,0.12594918144019515,0.14418303692614495,0.12378602021092486,0.0842847646941399
0.12594918144019515,0.14418303692614495,0.12378602021092486,0.0842847646941399,0.17445011431225602
0.14418303692614495,0.12378602021092486,0.0842847646941399,0.17445011431225602,0.18175248617245618
0.12378602021092486,0.0842847646941399,0.17445011431225602,0.18175248617245618,0.08418609905791649
0.0842847646941399,0.17445011431225602,0.18175248617245618,0.08418609905791649,0.08000124672071521
0.17445011431225602,0.18175248617245618,0.08418609905791649,0.08000124672071521,0.11873032642947737
0.18175248617245618,0.08418609905791649,0.08000124672071521,0.11873032642947737,0.1633656615365219
0.08418609905791649,0.08000124672071521,0.11873032642947737,0.1633656615365219,0.219866299129409
0.08000124672071521,0.11873032642947737,0.1633656615365219,0.219866299129409,0.1873785806417563
0.11873032642947737,0.1633656615365219,0.219866299129409,0.1873785806417563,0.1490345427766309
0.1633656615365219,0.219866299129409,0.1873785806417563,0.1490345427766309,0.20849198836866376
0.219866299129409,0.1873785806417563,0.1490345427766309,0.20849198836866376,0.1574532977564891
0.1873785806417563,0.1490345427766309,0.20849198836866376,0.1574532977564891,0.33360710082275014
0.1490345427766309,0.20849198836866376,0.1574532977564891,0.33360710082275014,0.24824632941232236
0.20849198836866376,0.1574532977564891,0.33360710082275014,0.24824632941232236,0.42714502544385335
0.1574532977564891,0.33360710082275014,0.24824632941232236,0.42714502544385335,1.0
0.33360710082275014,0.24824632941232236,0.42714502544385335,1.0,0.2792234909059633
0.24824632941232236,0.42714502544385335,1.0,0.2792234909059633,0.2564184737499624
0.42714502544385335,1.0,0.2792234909059633,0.2564184737499624,0.22367078253501257
1.0,0.2792234909059633,0.2564184737499624,0.22367078253501257,0.25101443422824377
0.2792234909059633,0.2564184737499624,0.22367078253501257,0.25101443422824377,0.2783579942957487
0.2564184737499624,0.22367078253501257,0.25101443422824377,0.2783579942957487,0.31709309076053505
0.22367078253501257,0.25101443422824377,0.2783579942957487,0.31709309076053505,0.35408132748329546
0.25101443422824377,0.2783579942957487,0.31709309076053505,0.35408132748329546,0.2959822790958715
0.2783579942957487,0.31709309076053505,0.35408132748329546,0.2959822790958715,0.23153136886147338
0.31709309076053505,0.35408132748329546,0.2959822790958715,0.23153136886147338,0.210761878298068
0.35408132748329546,0.2959822790958715,0.23153136886147338,0.210761878298068,0.20764277059581396
0.2959822790958715,0.23153136886147338,0.210761878298068,0.20764277059581396,0.19856098131885822
0.23153136886147338,0.210761878298068,0.20764277059581396,0.19856098131885822,0.2195562376717585
0.210761878298068,0.20764277059581396,0.19856098131885822,0.2195562376717585,0.19962887915837244
0.20764277059581396,0.19856098131885822,0.2195562376717585,0.19962887915837244,0.19341792240742564
0.19856098131885822,0.2195562376717585,0.19962887915837244,0.19341792240742564,0.15920705996989296
0.2195562376717585,0.19962887915837244,0.19341792240742564,0.15920705996989296,0.10928553129604959
0.19962887915837244,0.19341792240742564,0.15920705996989296,0.10928553129604959,0.145361435391524
0.19341792240742564,0.15920705996989296,0.10928553129604959,0.145361435391524,0.12055531237409098
0.15920705996989296,0.10928553129604959,0.145361435391524,0.12055531237409098,0.10420028821788449
0.10928553129604959,0.145361435391524,0.12055531237409098,0.10420028821788449,0.14945273786221788
0.145361435391524,0.12055531237409098,0.10420028821788449,0.14945273786221788,0.06422497646440511
0.12055531237409098,0.10420028821788449,0.14945273786221788,0.06422497646440511,0.15886018024124196
0.10420028821788449,0.14945273786221788,0.06422497646440511,0.15886018024124196,0.2684540015642344
0.14945273786221788,0.06422497646440511,0.15886018024124196,0.2684540015642344,0.2874660343432769
0.06422497646440511,0.15886018024124196,0.2684540015642344,0.2874660343432769,0.2917776356017989
0.15886018024124196,0.2684540015642344,0.2874660343432769,0.2917776356017989,0.27435708060400654
0.2684540015642344,0.2874660343432769,0.2917776356017989,0.27435708060400654,0.5389798135086618
0.2874660343432769,0.2917776356017989,0.27435708060400654,0.5389798135086618,0.28579891952500247
0.2917776356017989,0.27435708060400654,0.5389798135086618,0.28579891952500247,0.21290734049121648
0.27435708060400654,0.5389798135086618,0.28579891952500247,0.21290734049121648,0.2608366815409834
0.5389798135086618,0.28579891952500247,0.21290734049121648,0.2608366815409834,0.2995082508355654
0.28579891952500247,0.21290734049121648,0.2608366815409834,0.2995082508355654,0.3381798201301476
0.21290734049121648,0.2608366815409834,0.2995082508355654,0.3381798201301476,0.15778965579757506
0.2608366815409834,0.2995082508355654,0.3381798201301476,0.15778965579757506,0.3659864108052875
0.2995082508355654,0.3381798201301476,0.15778965579757506,0.3659864108052875,0.41761527799123166
0.3381798201301476,0.15778965579757506,0.3659864108052875,0.41761527799123166,0.19221751849679072
0.15778965579757506,0.3659864108052875,0.41761527799123166,0.19221751849679072,0.21309483726904513
0.3659864108052875,0.41761527799123166,0.19221751849679072,0.21309483726904513,0.2902610007679457
0.41761527799123166,0.19221751849679072,0.21309483726904513,0.2902610007679457,0.23283819605315462
0.19221751849679072,0.21309483726904513,0.2902610007679457,0.23283819605315462,0.19593515598485803
0.21309483726904513,0.2902610007679457,0.23283819605315462,0.19593515598485803,0.17478499107076753
0.2902610007679457,0.23283819605315462,0.19593515598485803,0.17478499107076753,0.13346021562098906
0.23283819605315462,0.19593515598485803,0.17478499107076753,0.13346021562098906,0.09213544017121059
0.19593515598485803,0.17478499107076753,0.13346021562098906,0.09213544017121059,0.12300962961949422
0.17478499107076753,0.13346021562098906,0.09213544017121059,0.12300962961949422,0.15496924796291575
0.13346021562098906,0.09213544017121059,0.12300962961949422,0.15496924796291575,0.1869288510353829
0.09213544017121059,0.12300962961949422,0.15496924796291575,0.1869288510353829,0.22533805006283078
0.12300962961949422,0.15496924796291575,0.1869288510353829,0.22533805006283078,0.27452803893824596
0.15496924796291575,0.1869288510353829,0.22533805006283078,0.27452803893824596,0.25975135954252615
0.1869288510353829,0.22533805006283078,0.27452803893824596,0.25975135954252615,0.2449745885210801
0.22533805006283078,0.27452803893824596,0.25975135954252615,0.2449745885210801,0.22188088924355512
0.27452803893824596,0.25975135954252615,0.2449745885210801,0.22188088924355512,0.19878720523698443
0.25975135954252615,0.2449745885210801,0.22188088924355512,0.19878720523698443,0.1823101356134049
0.2449745885210801,0.22188088924355512,0.19878720523698443,0.1823101356134049,0.16555849423014476
0.22188088924355512,0.19878720523698443,0.1823101356134049,0.16555849423014476,0.14858653878810194
0.19878720523698443,0.1823101356134049,0.16555849423014476,0.14858653878810194,0.140413142232203
0.1823101356134049,0.16555849423014476,0.14858653878810194,0.140413142232203,0.15264560427410798
0.16555849423014476,0.14858653878810194,0.140413142232203,0.15264560427410798,0.16451299888070012
0.14858653878810194,0.140413142232203,0.15264560427410798,0.16451299888070012,0.1762172691526477
0.140413142232203,0.15264560427410798,0.16451299888070012,0.1762172691526477,0.1879215394245953
0.15264560427410798,0.16451299888070012,0.1762172691526477,0.1879215394245953,0.19708913619418986
0.16451299888070012,0.1762172691526477,0.1879215394245953,0.19708913619418986,0.20625668715092124
0.1762172691526477,0.1879215394245953,0.19708913619418986,0.20625668715092124,0.22220044923482743
0.1879215394245953,0.19708913619418986,0.20625668715092124,0.22220044923482743,0.22364477609971026
0.19708913619418986,0.20625668715092124,0.22220044923482743,0.22364477609971026,0.22508911823554748
0.20625668715092124,0.22220044923482743,0.22364477609971026,0.22508911823554748,0.22653344510043036
0.22220044923482743,0.22364477609971026,0.22508911823554748,0.22653344510043036,0.2279777719653132
0.22364477609971026,0.22508911823554748,0.22653344510043036,0.2279777719653132,0.22942212937210474
0.22508911823554748,0.22653344510043036,0.2279777719653132,0.22942212937210474,0.23244304483772102
0.22653344510043036,0.2279777719653132,0.22942212937210474,0.23244304483772102,0.23546394503238297
0.2279777719653132,0.22942212937210474,0.23244304483772102,0.23546394503238297,0.23848487576895364
0.22942212937210474,0.23244304483772102,0.23546394503238297,0.23848487576895364,0.24150576069266114
0.23244304483772102,0.23546394503238297,0.23848487576895364,0.24150576069266114,0.24452672197114053
0.23546394503238297,0.23848487576895364,0.24150576069266114,0.24452672197114053,0.2475476679786656
0.23848487576895364,0.24150576069266114,0.24452672197114053,0.2475476679786656,0.24657157911685987
0.24150576069266114,0.24452672197114053,0.2475476679786656,0.24657157911685987,0.24559558188078048
0.24452672197114053,0.2475476679786656,0.24657157911685987,0.24559558188078048,0.2418941468753061
0.2475476679786656,0.24657157911685987,0.24559558188078048,0.2418941468753061,0.23819274241174057
0.24657157911685987,0.24559558188078048,0.2418941468753061,0.23819274241174057,0.23449136849008376
0.24559558188078048,0.2418941468753061,0.23819274241174057,0.23449136849008376,0.23078993348460944
0.2418941468753061,0.23819274241174057,0.23449136849008376,0.23078993348460944,0.22708852902104384
0.23819274241174057,0.23449136849008376,0.23078993348460944,0.22708852902104384,0.2652182237705477
0.23449136849008376,0.23078993348460944,0.22708852902104384,0.2652182237705477,0.2786229911670356
0.23078993348460944,0.22708852902104384,0.2652182237705477,0.2786229911670356,0.24951038266079642
0.22708852902104384,0.2652182237705477,0.2786229911670356,0.24951038266079642,0.25901244387313427
0.2652182237705477,0.2786229911670356,0.24951038266079642,0.25901244387313427,0.26851447454356336
0.2786229911670356,0.24951038266079642,0.25901244387313427,0.26851447454356336,0.27801652048494685
0.24951038266079642,0.25901244387313427,0.26851447454356336,0.27801652048494685,0.28751853588442156
0.25901244387313427,0.26851447454356336,0.27801652048494685,0.28751853588442156,0.29702055128389626
0.26851447454356336,0.27801652048494685,0.28751853588442156,0.29702055128389626,0.30932023606696446
0.27801652048494685,0.28751853588442156,0.29702055128389626,0.30932023606696446,0.32405296565599007
0.28751853588442156,0.29702055128389626,0.30932023606696446,0.32405296565599007,0.3387856494321526
0.29702055128389626,0.30932023606696446,0.32405296565599007,0.3387856494321526,0.33598237560830313
0.30932023606696446,0.32405296565599007,0.3387856494321526,0.33598237560830313,0.3331790559715906
0.32405296565599007,0.3387856494321526,0.33598237560830313,0.3331790559715906,0.3382094763235458
0.3387856494321526,0.33598237560830313,0.3331790559715906,0.3382094763235458,0.34323985086263786
0.33598237560830313,0.3331790559715906,0.3382094763235458,0.34323985086263786,0.34827033229841065
0.3331790559715906,0.3382094763235458,0.34323985086263786,0.34827033229841065,0.27074594275175756
0.3382094763235458,0.34323985086263786,0.34827033229841065,0.27074594275175756,0.23634320077249035
0.34323985086263786,0.34827033229841065,0.27074594275175756,0.23634320077249035,0.20194053514799506
0.34827033229841065,0.27074594275175756,0.23634320077249035,0.20194053514799506,0.16823162898080182
0.27074594275175756,0.23634320077249035,0.20194053514799506,0.16823162898080182,0.20860465747004994
0.23634320077249035,0.20194053514799506,0.16823162898080182,0.20860465747004994,0.24897768595929806
0.20194053514799506,0.16823162898080182,0.20860465747004994,0.24897768595929806,0.2893507144485463
0.16823162898080182,0.20860465747004994,0.24897768595929806,0.2893507144485463,0.32972372766684
0.20860465747004994,0.24897768595929806,0.2893507144485463,0.32972372766684,0.3251013930286749
0.24897768595929806,0.2893507144485463,0.32972372766684,0.3251013930286749,0.32047902784860105
0.2893507144485463,0.32972372766684,0.3251013930286749,0.32047902784860105,0.3158566626685272
0.32972372766684,0.3251013930286749,0.32047902784860105,0.3158566626685272,0.31867074832807485
0.3251013930286749,0.32047902784860105,0.3158566626685272,0.31867074832807485,0.24700061658005382
0.32047902784860105,0.3158566626685272,0.31867074832807485,0.24700061658005382,0.2568564447214663
0.3158566626685272,0.31867074832807485,0.24700061658005382,0.2568564447214663,0.3064482276774686
0.31867074832807485,0.24700061658005382,0.2568564447214663,0.3064482276774686,0.35604010225919713
0.24700061658005382,0.2568564447214663,0.3064482276774686,0.35604010225919713,0.3667032904875148
0.2568564447214663,0.3064482276774686,0.35604010225919713,0.3667032904875148,0.36435477041402853
0.3064482276774686,0.35604010225919713,0.3667032904875148,0.36435477041402853,0.36200625034054235
0.35604010225919713,0.3667032904875148,0.36435477041402853,0.36200625034054235,0.3606666364098158
0.3667032904875148,0.36435477041402853,0.36200625034054235,0.3606666364098158,0.3593271446467242
0.36435477041402853,0.36200625034054235,0.3606666364098158,0.3593271446467242,0.3579875917998151
0.36200625034054235,0.3606666364098158,0.3593271446467242,0.3579875917998151,0.356648038952906
0.3606666364098158,0.3593271446467242,0.3579875917998151,0.356648038952906,0.36158452766449445
0.3593271446467242,0.3579875917998151,0.356648038952906,0.36158452766449445,0.36951207712589407
0.3579875917998151,0.356648038952906,0.36158452766449445,0.36951207712589407,0.3651951310333402
0.356648038952906,0.36158452766449445,0.36951207712589407,0.3651951310333402,0.3739321021604858
0.36158452766449445,0.36951207712589407,0.3651951310333402,0.3739321021604858,0.3880071270154911
0.36951207712589407,0.3651951310333402,0.3739321021604858,0.3880071270154911,0.4020821976833595
0.3651951310333402,0.3739321021604858,0.3880071270154911,0.4020821976833595,0.41615720726741046
0.3739321021604858,0.3880071270154911,0.4020821976833595,0.41615720726741046,0.32123379476863523
0.3880071270154911,0.4020821976833595,0.41615720726741046,0.32123379476863523,0.29605825209389214
0.4020821976833595,0.41615720726741046,0.32123379476863523,0.29605825209389214,0.2708827705029665
0.41615720726741046,0.32123379476863523,0.29605825209389214,0.2708827705029665,0.2457072736410866
0.32123379476863523,0.29605825209389214,0.2708827705029665,0.2457072736410866,0.23731544644411143
0.29605825209389214,0.2708827705029665,0.2457072736410866,0.23731544644411143,0.2289236192471362
0.2708827705029665,0.2457072736410866,0.23731544644411143,0.2289236192471362,0.22053179205016102
0.2457072736410866,0.23731544644411143,0.2289236192471362,0.22053179205016102,0.19620766616569787
0.23731544644411143,0.2289236192471362,0.22053179205016102,0.19620766616569787,0.17284391533098756
0.2289236192471362,0.22053179205016102,0.19620766616569787,0.17284391533098756,0.16153800317489245
0.22053179205016102,0.19620766616569787,0.17284391533098756,0.16153800317489245,0.14607304659449163
0.19620766616569787,0.17284391533098756,0.16153800317489245,0.14607304659449163,0.08981549205336184
0.17284391533098756,0.16153800317489245,0.14607304659449163,0.08981549205336184,0.17366341582662162
0.16153800317489245,0.14607304659449163,0.08981549205336184,0.17366341582662162,0.2575113090579726
0.14607304659449163,0.08981549205336184,0.17366341582662162,0.2575113090579726,0.25253432177537916
0.08981549205336184,0.17366341582662162,0.2575113090579726,0.25253432177537916,0.2727713447016018
0.17366341582662162,0.2575113090579726,0.25253432177537916,0.2727713447016018,0.29300838289877895
0.2575113090579726,0.25253432177537916,0.2727713447016018,0.29300838289877895,0.3132454363669105
0.25253432177537916,0.2727713447016018,0.29300838289877895,0.3132454363669105,0.2290799072845384
0.2727713447016018,0.29300838289877895,0.3132454363669105,0.2290799072845384,0.15401696651898225
0.29300838289877895,0.3132454363669105,0.2290799072845384,0.15401696651898225,0.07507581418009512
0.3132454363669105,0.2290799072845384,0.15401696651898225,0.07507581418009512,0.09904852486245755
0.2290799072845384,0.15401696651898225,0.07507581418009512,0.09904852486245755,0.1373722065453998
0.15401696651898225,0.07507581418009512,0.09904852486245755,0.1373722065453998,0.17569585768643328
0.07507581418009512,0.09904852486245755,0.1373722065453998,0.17569585768643328,0.21401950882746676
0.09904852486245755,0.1373722065453998,0.17569585768643328,0.21401950882746676,0.20612660916154638
0.1373722065453998,0.17569585768643328,0.21401950882746676,0.20612660916154638,0.19823374003753477
0.17569585768643328,0.21401950882746676,0.20612660916154638,0.19823374003753477,0.18705126300566097
0.21401950882746676,0.20612660916154638,0.19823374003753477,0.18705126300566097,0.17586883178665033
0.20612660916154638,0.19823374003753477,0.18705126300566097,0.17586883178665033,0.1646863852966853
0.19823374003753477,0.18705126300566097,0.17586883178665033,0.1646863852966853,0.15350393880672028
0.18705126300566097,0.17586883178665033,0.1646863852966853,0.15350393880672028,0.16830825862986062
0.17586883178665033,0.1646863852966853,0.15350393880672028,0.16830825862986062,0.19109586689787297
0.1646863852966853,0.15350393880672028,0.16830825862986062,0.19109586689787297,0.20276715190836833
0.15350393880672028,0.16830825862986062,0.19109586689787297,0.20276715190836833,0.16694784565927392
0.16830825862986062,0.19109586689787297,0.20276715190836833,0.16694784565927392,0.14599944059439932
0.19109586689787297,0.20276715190836833,0.16694784565927392,0.14599944059439932,0.140296701205086
0.20276715190836833,0.16694784565927392,0.14599944059439932,0.140296701205086,0.14247285801653023
0.16694784565927392,0.14599944059439932,0.140296701205086,0.14247285801653023,0.11683474286278347
0.14599944059439932,0.140296701205086,0.14247285801653023,0.11683474286278347,0.10961297109977988
0.140296701205086,0.14247285801653023,0.11683474286278347,0.10961297109977988,0.10239124514963946
0.14247285801653023,0.11683474286278347,0.10961297109977988,0.10239124514963946,0.09447948585506469
0.11683474286278347,0.10961297109977988,0.10239124514963946,0.09447948585506469,0.0865677571023987
0.10961297109977988,0.10239124514963946,0.09447948585506469,0.0865677571023987,0.0786560283497327
0.10239124514963946,0.09447948585506469,0.0865677571023987,0.0786560283497327,0.07074429959706668
0.09447948585506469,0.0865677571023987,0.0786560283497327,0.07074429959706668,0.048154175311044906
0.0865677571023987,0.0786560283497327,0.07074429959706668,0.048154175311044906,0.07362023262183715
0.0786560283497327,0.07074429959706668,0.048154175311044906,0.07362023262183715,0.09908627466167505
0.07074429959706668,0.048154175311044906,0.07362023262183715,0.09908627466167505,0.12455231670151293
0.048154175311044906,0.07362023262183715,0.09908627466167505,0.12455231670151293,0.15001834347039641
0.07362023262183715,0.09908627466167505,0.12455231670151293,0.15001834347039641,0.17275593936282738
0.09908627466167505,0.12455231670151293,0.15001834347039641,0.17275593936282738,0.1954935199843039
0.12455231670151293,0.15001834347039641,0.17275593936282738,0.1954935199843039,0.2401597176901423
0.15001834347039641,0.17275593936282738,0.1954935199843039,0.2401597176901423,0.2848259001250263
0.17275593936282738,0.1954935199843039,0.2401597176901423,0.2848259001250263,0.29036571370210207
0.1954935199843039,0.2401597176901423,0.2848259001250263,0.29036571370210207,0.2799162119383678
0.2401597176901423,0.2848259001250263,0.29036571370210207,0.2799162119383678,0.26946671017463375
0.2848259001250263,0.29036571370210207,0.2799162119383678,0.26946671017463375,0.259017223681854
0.29036571370210207,0.2799162119383678,0.26946671017463375,0.259017223681854,0.2108711419766283
0.2799162119383678,0.26946671017463375,0.259017223681854,0.2108711419766283,0.18333800828149963
0.26946671017463375,0.259017223681854,0.2108711419766283,0.18333800828149963,0.19578621836682877
0.259017223681854,0.2108711419766283,0.18333800828149963,0.19578621836682877,0.18391111192827683
0.2108711419766283,0.18333800828149963,0.19578621836682877,0.18391111192827683,0.17855493157757266
0.18333800828149963,0.19578621836682877,0.18391111192827683,0.17855493157757266,0.17319881231068593
0.19578621836682877,0.18391111192827683,0.17855493157757266,0.17319881231068593,0.16784264723093614
0.18391111192827683,0.17855493157757266,0.17319881231068593,0.16784264723093614,0.16248646688023197
0.17855493157757266,0.17319881231068593,0.16784264723093614,0.16248646688023197,0.12320279192139635
0.17319881231068593,0.16784264723093614,0.16248646688023197,0.12320279192139635,0.14820187871832466
0.16784264723093614,0.16248646688023197,0.12320279192139635,0.14820187871832466,0.13338599878272164
0.16248646688023197,0.12320279192139635,0.14820187871832466,0.13338599878272164,0.11151686206565434
0.12320279192139635,0.14820187871832466,0.13338599878272164,0.11151686206565434,0.08964777116145015
0.14820187871832466,0.13338599878272164,0.11151686206565434,0.08964777116145015,0.11652750653169255
0.13338599878272164,0.11151686206565434,0.08964777116145015,0.11652750653169255,0.10775498462275976
0.11151686206565434,0.08964777116145015,0.11652750653169255,0.10775498462275976,0.1064085598463815
0.08964777116145015,0.11652750653169255,0.10775498462275976,0.1064085598463815,0.10506215034095764
0.11652750653169255,0.10775498462275976,0.1064085598463815,0.10506215034095764,0.1054564921958093
0.10775498462275976,0.1064085598463815,0.10506215034095764,0.1054564921958093,0.10585087986352407
0.1064085598463815,0.10506215034095764,0.1054564921958093,0.10585087986352407,0.10624523698933011
0.10506215034095764,0.1054564921958093,0.10585087986352407,0.10624523698933011,0.12444838258602983
0.1054564921958093,0.10585087986352407,0.10624523698933011,0.12444838258602983,0.13017529589612034
0.10585087986352407,0.10624523698933011,0.12444838258602983,0.13017529589612034,0.13590223974811963
0.10624523698933011,0.12444838258602983,0.13017529589612034,0.13590223974811963,0.1733436115000793
0.12444838258602983,0.13017529589612034,0.13590223974811963,0.1733436115000793,0.25148809342012446
0.13017529589612034,0.13590223974811963,0.1733436115000793,0.25148809342012446,0.37904048073453045
0.13590223974811963,0.1733436115000793,0.25148809342012446,0.37904048073453045,0.3448058566919887
0.1733436115000793,0.25148809342012446,0.37904048073453045,0.3448058566919887,0.31057111048181196
0.25148809342012446,0.37904048073453045,0.3448058566919887,0.31057111048181196,0.2763364253554528
0.37904048073453045,0.3448058566919887,0.31057111048181196,0.2763364253554528,0.2658874733460762
0.3448058566919887,0.31057111048181196,0.2763364253554528,0.2658874733460762,0.21622558143853368
0.31057111048181196,0.2763364253554528,0.2658874733460762,0.21622558143853368,0.24066233061151984
0.2763364253554528,0.2658874733460762,0.21622558143853368,0.24066233061151984,0.2650990950554605
0.2658874733460762,0.21622558143853368,0.24066233061151984,0.2650990950554605,0.29161304525553433
0.21622558143853368,0.24066233061151984,0.2650990950554605,0.29161304525553433,0.19033473198986398
0.24066233061151984,0.2650990950554605,0.29161304525553433,0.19033473198986398,0.22569061058650972
0.2650990950554605,0.29161304525553433,0.19033473198986398,0.22569061058650972,0.21370158282831267
0.29161304525553433,0.19033473198986398,0.22569061058650972,0.21370158282831267,0.24359720952018168
0.19033473198986398,0.22569061058650972,0.21370158282831267,0.24359720952018168,0.19648208521583474
0.22569061058650972,0.21370158282831267,0.24359720952018168,0.19648208521583474,0.15818298976943793
0.21370158282831267,0.24359720952018168,0.19648208521583474,0.15818298976943793,0.12276454607271367
0.24359720952018168,0.19648208521583474,0.15818298976943793,0.12276454607271367,0.08882616327411211
0.19648208521583474,0.15818298976943793,0.12276454607271367,0.08882616327411211,0.10328004523623188
0.15818298976943793,0.12276454607271367,0.08882616327411211,0.10328004523623188,0.10837550458287451
0.12276454607271367,0.08882616327411211,0.10328004523623188,0.10837550458287451,0.10884592633242743
0.08882616327411211,0.10328004523623188,0.10837550458287451,0.10884592633242743,0.11367557944720116
0.10328004523623188,0.10837550458287451,0.10884592633242743,0.11367557944720116,0.11850526310388379
0.10837550458287451,0.10884592633242743,0.11367557944720116,0.11850526310388379,0.14475197160237754
0.10884592633242743,0.11367557944720116,0.11850526310388379,0.14475197160237754,0.1362510741589308
0.11367557944720116,0.11850526310388379,0.14475197160237754,0.1362510741589308,0.12775017671548403
0.11850526310388379,0.14475197160237754,0.1362510741589308,0.12775017671548403,0.11924927927203724
0.14475197160237754,0.1362510741589308,0.12775017671548403,0.11924927927203724,0.13587548503605287
0.1362510741589308,0.12775017671548403,0.11924927927203724,0.13587548503605287,0.15250164498720534
0.12775017671548403,0.11924927927203724,0.13587548503605287,0.15250164498720534,0.16012009506108013
0.11924927927203724,0.13587548503605287,0.15250164498720534,0.16012009506108013,0.1358803717414532
0.13587548503605287,0.15250164498720534,0.16012009506108013,0.1358803717414532,0.13446640353386982
0.15250164498720534,0.16012009506108013,0.1358803717414532,0.13446640353386982,0.13305246586819527
0.16012009506108013,0.1358803717414532,0.13446640353386982,0.13305246586819527,0.112539695318805
0.1358803717414532,0.13446640353386982,0.13305246586819527,0.112539695318805,0.09786267417134306
0.13446640353386982,0.13305246586819527,0.112539695318805,0.09786267417134306,0.08318568356578984
0.13305246586819527,0.112539695318805,0.09786267417134306,0.08318568356578984,0.06850869296023662
0.112539695318805,0.09786267417134306,0.08318568356578984,0.06850869296023662,0.06285759993862294
0.09786267417134306,0.08318568356578984,0.06850869296023662,0.06285759993862294,0.08214759462921759
0.08318568356578984,0.06850869296023662,0.06285759993862294,0.08214759462921759,0.10143760459076648
0.06850869296023662,0.06285759993862294,0.08214759462921759,0.10143760459076648,0.12072761455231543
0.06285759993862294,0.08214759462921759,0.10143760459076648,0.12072761455231543,0.06627348336822034
0.08214759462921759,0.10143760459076648,0.12072761455231543,0.06627348336822034,0.17739621737238423
0.10143760459076648,0.12072761455231543,0.06627348336822034,0.17739621737238423,0.16591998826213358
0.12072761455231543,0.06627348336822034,0.17739621737238423,0.16591998826213358,0.16961537596967505
0.06627348336822034,0.17739621737238423,0.16591998826213358,0.16961537596967505,0.17331067205149023
0.17739621737238423,0.16591998826213358,0.16961537596967505,0.17331067205149023,0.13728568131790533
0.16591998826213358,0.16961537596967505,0.17331067205149023,0.13728568131790533,0.07601395472027642
0.16961537596967505,0.17331067205149023,0.13728568131790533,0.07601395472027642,0.15034080494300026
0.17331067205149023,0.13728568131790533,0.07601395472027642,0.15034080494300026,0.10264040604123845
0.13728568131790533,0.07601395472027642,0.15034080494300026,0.10264040604123845,0.10802242484674682
0.07601395472027642,0.15034080494300026,0.10264040604123845,0.10802242484674682,0.10675792874059584
0.15034080494300026,0.10264040604123845,0.10802242484674682,0.10675792874059584,0.08028166725592187
0.10264040604123845,0.10802242484674682,0.10675792874059584,0.08028166725592187,0.05380541340672512
0.10802242484674682,0.10675792874059584,0.08028166725592187,0.05380541340672512,0.03459929443304077
0.10675792874059584,0.08028166725592187,0.05380541340672512,0.03459929443304077,0.021482346349154607
0.08028166725592187,0.05380541340672512,0.03459929443304077,0.021482346349154607,0.037943579993046206
0.05380541340672512,0.03459929443304077,0.021482346349154607,0.037943579993046206,0.054404775459551885
0.03459929443304077,0.021482346349154607,0.037943579993046206,0.054404775459551885,0.07043593321535199
0.021482346349154607,0.037943579993046206,0.054404775459551885,0.07043593321535199,0.11609590354816343
0.037943579993046206,0.054404775459551885,0.07043593321535199,0.11609590354816343,0.140460008791183
0.054404775459551885,0.07043593321535199,0.11609590354816343,0.140460008791183,0.26878904630324396
0.07043593321535199,0.11609590354816343,0.140460008791183,0.26878904630324396,0.21533905672414325
0.11609590354816343,0.140460008791183,0.26878904630324396,0.21533905672414325,0.1618890518740881
0.140460008791183,0.26878904630324396,0.21533905672414325,0.1618890518740881,0.10843907756594176
0.26878904630324396,0.21533905672414325,0.1618890518740881,0.10843907756594176,0.07727953506418811
0.21533905672414325,0.1618890518740881,0.10843907756594176,0.07727953506418811,0.046119977291479985
0.1618890518740881,0.10843907756594176,0.07727953506418811,0.046119977291479985,0.147545701079742
0.10843907756594176,0.07727953506418811,0.046119977291479985,0.147545701079742,0.10996007989274656
0.07727953506418811,0.046119977291479985,0.147545701079742,0.10996007989274656,0.07237442816384243
0.046119977291479985,0.147545701079742,0.10996007989274656,0.07237442816384243,0.03341135162117673
0.147545701079742,0.10996007989274656,0.07237442816384243,0.03341135162117673,0.03530771400654378
0.10996007989274656,0.07237442816384243,0.03341135162117673,0.03530771400654378,0.03720406112095645
0.07237442816384243,0.03341135162117673,0.03530771400654378,0.03720406112095645,0.03647736221506537
0.03341135162117673,0.03530771400654378,0.03720406112095645,0.03647736221506537,0.06609406492525663
0.03530771400654378,0.03720406112095645,0.03647736221506537,0.06609406492525663,0.11500070124222497
0.03720406112095645,0.03647736221506537,0.06609406492525663,0.11500070124222497,0.09213785298200197
0.03647736221506537,0.06609406492525663,0.11500070124222497,0.09213785298200197,0.09002824698972842
0.06609406492525663,0.11500070124222497,0.09213785298200197,0.09002824698972842,0.08504620502123642
0.11500070124222497,0.09213785298200197,0.09002824698972842,0.08504620502123642,0.09315170691397959
0.09213785298200197,0.09002824698972842,0.08504620502123642,0.09315170691397959,0.10125719353576831
0.09002824698972842,0.08504620502123642,0.09315170691397959,0.10125719353576831,0.12581565221513133
0.08504620502123642,0.09315170691397959,0.10125719353576831,0.12581565221513133,0.33423693606503424
0.09315170691397959,0.10125719353576831,0.12581565221513133,0.33423693606503424,0.3458014771044414
0.10125719353576831,0.12581565221513133,0.33423693606503424,0.3458014771044414,0.13868592093750462
0.12581565221513133,0.33423693606503424,0.3458014771044414,0.13868592093750462,0.11248175731790236
0.33423693606503424,0.3458014771044414,0.13868592093750462,0.11248175731790236,0.08627753261448265
0.3458014771044414,0.13868592093750462,0.11248175731790236,0.08627753261448265,0.2743748712658546
0.13868592093750462,0.11248175731790236,0.08627753261448265,0.2743748712658546,0.16378049701214611
0.11248175731790236,0.08627753261448265,0.2743748712658546,0.16378049701214611,0.17132802877389872
0.08627753261448265,0.2743748712658546,0.16378049701214611,0.17132802877389872,0.27749533808304805
0.2743748712658546,0.16378049701214611,0.17132802877389872,0.27749533808304805,0.2770842287202915
0.16378049701214611,0.17132802877389872,0.27749533808304805,0.2770842287202915,0.2787163272401818
0.17132802877389872,0.27749533808304805,0.2770842287202915,0.2787163272401818,0.17132842581871247
0.27749533808304805,0.2770842287202915,0.2787163272401818,0.17132842581871247,0.07022957680886896
0.2770842287202915,0.2787163272401818,0.17132842581871247,0.07022957680886896,0.11185315902292278
0.2787163272401818,0.17132842581871247,0.07022957680886896,0.11185315902292278,0.07520754143254257
0.17132842581871247,0.07022957680886896,0.11185315902292278,0.07520754143254257,0.06301063017242498
0.07022957680886896,0.11185315902292278,0.07520754143254257,0.06301063017242498,0.05927760719782385
0.11185315902292278,0.07520754143254257,0.06301063017242498,0.05927760719782385,0.08919991988246492
0.07520754143254257,0.06301063017242498,0.05927760719782385,0.08919991988246492,0.11482917788267358
0.06301063017242498,0.05927760719782385,0.08919991988246492,0.11482917788267358,0.08900862063699669
0.05927760719782385,0.08919991988246492,0.11482917788267358,0.08900862063699669,0.05955569891248813
0.08919991988246492,0.11482917788267358,0.08900862063699669,0.05955569891248813,0.031135353310022124
0.11482917788267358,0.08900862063699669,0.05955569891248813,0.031135353310022124,0.09266922111046957
0.08900862063699669,0.05955569891248813,0.031135353310022124,0.09266922111046957,0.05438226607280164
0.05955569891248813,0.031135353310022124,0.09266922111046957,0.05438226607280164,0.0938053495741358
0.031135353310022124,0.09266922111046957,0.05438226607280164,0.0938053495741358,0.05981487755015774
0.09266922111046957,0.05438226607280164,0.0938053495741358,0.05981487755015774,0.1434972183651185
0.05438226607280164,0.0938053495741358,0.05981487755015774,0.1434972183651185,0.16098973009993064
0.0938053495741358,0.05981487755015774,0.1434972183651185,0.16098973009993064,0.15824337112304063
0.05981487755015774,0.1434972183651185,0.16098973009993064,0.15824337112304063,0.12310469131048488
0.1434972183651185,0.16098973009993064,0.15824337112304063,0.12310469131048488,0.09720139603399877
0.16098973009993064,0.15824337112304063,0.12310469131048488,0.09720139603399877,0.09433642755447028
0.15824337112304063,0.12310469131048488,0.09720139603399877,0.09433642755447028,0.10521598993534156
0.12310469131048488,0.09720139603399877,0.09433642755447028,0.10521598993534156,0.12097905081611646
0.09720139603399877,0.09433642755447028,0.10521598993534156,0.12097905081611646,0.11294126033507648
0.09433642755447028,0.10521598993534156,0.12097905081611646,0.11294126033507648,0.13178755744627615
0.10521598993534156,0.12097905081611646,0.11294126033507648,0.13178755744627615,0.1797562364745157
0.12097905081611646,0.11294126033507648,0.13178755744627615,0.1797562364745157,0.13440921380973173
0.11294126033507648,0.13178755744627615,0.1797562364745157,0.13440921380973173,0.09079840703177358
0.13178755744627615,0.1797562364745157,0.13440921380973173,0.09079840703177358,0.040542841501909344
0.1797562364745157,0.13440921380973173,0.09079840703177358,0.040542841501909344,0.04815629797370316
0.13440921380973173,0.09079840703177358,0.040542841501909344,0.04815629797370316,0.07442931832658684
0.09079840703177358,0.040542841501909344,0.04815629797370316,0.07442931832658684,0.10070232340851606
0.040542841501909344,0.04815629797370316,0.07442931832658684,0.10070232340851606,0.1460899209990771
0.04815629797370316,0.07442931832658684,0.10070232340851606,0.1460899209990771,0.17446427048696264
0.07442931832658684,0.10070232340851606,0.1460899209990771,0.17446427048696264,0.0702624093607774
0.10070232340851606,0.1460899209990771,0.17446427048696264,0.0702624093607774,0.14287561416724306
0.1460899209990771,0.17446427048696264,0.0702624093607774,0.14287561416724306,0.03773770462162604
0.17446427048696264,0.0702624093607774,0.14287561416724306,0.03773770462162604,0.282578870814323
0.0702624093607774,0.14287561416724306,0.03773770462162604,0.282578870814323,0.3582209777955436
0.14287561416724306,0.03773770462162604,0.282578870814323,0.3582209777955436,0.147257996299298
0.03773770462162604,0.282578870814323,0.3582209777955436,0.147257996299298,0.18542933494138517
0.282578870814323,0.3582209777955436,0.147257996299298,0.18542933494138517,0.10292385022541153
0.3582209777955436,0.147257996299298,0.18542933494138517,0.10292385022541153,0.019568323105051688
0.147257996299298,0.18542933494138517,0.10292385022541153,0.019568323105051688,0.05566003263830535
0.18542933494138517,0.10292385022541153,0.019568323105051688,0.05566003263830535,0.0421403665810923
0.10292385022541153,0.019568323105051688,0.05566003263830535,0.0421403665810923,0.07239519666179381
0.019568323105051688,0.05566003263830535,0.0421403665810923,0.07239519666179381,0.09101746887229742
0.05566003263830535,0.0421403665810923,0.07239519666179381,0.09101746887229742,0.1296250834099528
0.0421403665810923,0.07239519666179381,0.09101746887229742,0.1296250834099528,0.23277856297631636
0.07239519666179381,0.09101746887229742,0.1296250834099528,0.23277856297631636,0.1254502946316853
0.09101746887229742,0.1296250834099528,0.23277856297631636,0.1254502946316853,0.16879242423835192
0.1296250834099528,0.23277856297631636,0.1254502946316853,0.16879242423835192,0.1884928716406649
0.23277856297631636,0.1254502946316853,0.16879242423835192,0.1884928716406649,0.16144584296523326
0.1254502946316853,0.16879242423835192,0.1884928716406649,0.16144584296523326,0.13439878374789285
0.16879242423835192,0.1884928716406649,0.16144584296523326,0.13439878374789285,0.188931743598477
0.1884928716406649,0.16144584296523326,0.13439878374789285,0.188931743598477,0.1613798877132833
0.16144584296523326,0.13439878374789285,0.188931743598477,0.1613798877132833,0.1625356393533227
0.13439878374789285,0.188931743598477,0.1613798877132833,0.1625356393533227,0.15348277326395512
0.188931743598477,0.1613798877132833,0.1625356393533227,0.15348277326395512,0.1618738267325753
0.1613798877132833,0.1625356393533227,0.15348277326395512,0.1618738267325753,0.12884881498615716
0.1625356393533227,0.15348277326395512,0.1618738267325753,0.12884881498615716,0.09582381851069346
0.15348277326395512,0.1618738267325753,0.12884881498615716,0.09582381851069346,0.06279888311904724
0.1618738267325753,0.12884881498615716,0.09582381851069346,0.06279888311904724,0.038033258672619336
0.12884881498615716,0.09582381851069346,0.06279888311904724,0.038033258672619336,0.05960621522956397
0.09582381851069346,0.06279888311904724,0.038033258672619336,0.05960621522956397,0.12309232183744032
0.06279888311904724,0.038033258672619336,0.05960621522956397,0.12309232183744032,0.32574196375188536
0.038033258672619336,0.05960621522956397,0.12309232183744032,0.32574196375188536,0.37265338879581067
0.05960621522956397,0.12309232183744032,0.32574196375188536,0.37265338879581067,0.1459971804931516
0.12309232183744032,0.32574196375188536,0.37265338879581067,0.1459971804931516,0.09445757203553515
0.32574196375188536,0.37265338879581067,0.1459971804931516,0.09445757203553515,0.08959936223607814
0.37265338879581067,0.1459971804931516,0.09445757203553515,0.08959936223607814,0.0
0.1459971804931516,0.09445757203553515,0.08959936223607814,0.0,0.014404816385709618
0.09445757203553515,0.08959936223607814,0.0,0.014404816385709618,0.014404816385709618
